x,y,hex
5,60,#fefefe
6,35,#fefefe
6,36,#f4f4f4
6,37,#e5e5e5
6,38,#dbdbdb
6,39,#d9d9d9
6,40,#e3e3e3
6,41,#f0f0f0
6,42,#fbfbfb
6,59,#fefefe
6,60,#fbfbfb
7,33,#f6f6f6
7,34,#d9d9d9
7,35,#bababa
7,36,#9f9f9f
7,37,#989898
7,38,#a2a2a2
7,39,#9d9d9d
7,40,#a3a3a3
7,41,#c0c0c0
7,42,#dfdfdf
7,43,#fbfbfb
7,59,#fefefe
7,60,#fbfbfb
8,32,#f5f5f5
8,33,#c4c4c4
8,34,#767676
8,35,#5a5a5a
8,36,#7d7d7d
8,37,#848484
8,38,#727272
8,39,#7c7c7c
8,40,#929292
8,41,#9d9d9d
8,42,#ababab
8,43,#cbcbcb
8,44,#f9f9f9
8,57,#fefefe
8,58,#fefefe
8,59,#fefefe
8,60,#f5f5f5
9,21,#fefefe
9,22,#fefefe
9,29,#fefefe
9,30,#fdfdfd
9,31,#fefefe
9,32,#ebebeb
9,33,#a4a4a4
9,34,#4f4f4f
9,35,#606060
9,36,#767676
9,37,#4f4f4f
9,38,#454545
9,39,#676767
9,40,#9c9c9c
9,41,#a9a9a9
9,42,#a2a2a2
9,43,#969696
9,44,#c3c3c3
9,56,#fefefe
9,57,#fcfcfc
9,58,#fcfcfc
9,59,#fdfdfd
9,60,#efefef
10,13,#fdfdfd
10,14,#f4f4f4
10,15,#fbfbfb
10,16,#f4f4f4
10,17,#fbfbfb
10,18,#fefefe
10,20,#f6f6f6
10,21,#e9e9e9
10,22,#ededed
10,23,#f5f5f5
10,24,#f3f3f3
10,25,#eaeaea
10,26,#dfdfdf
10,27,#d7d7d7
10,28,#d2d2d2
10,29,#cdcdcd
10,30,#cbcbcb
10,31,#cecece
10,32,#cbcbcb
10,33,#9e9e9e
10,34,#5b5b5b
10,35,#606060
10,36,#5b5b5b
10,37,#414141
10,38,#565656
10,39,#717171
10,40,#8f8f8f
10,41,#a2a2a2
10,42,#9f9f9f
10,43,#7b7b7b
10,44,#9e9e9e
10,55,#fefefe
10,56,#fcfcfc
10,57,#f6f6f6
10,58,#f2f2f2
10,59,#f4f4f4
10,60,#ececec
11,13,#e4e4e4
11,14,#a2a2a2
11,15,#aeaeae
11,16,#949494
11,17,#9d9d9d
11,18,#b2b2b2
11,19,#b7b7b7
11,20,#9f9f9f
11,21,#8c8c8c
11,22,#979797
11,23,#a3a3a3
11,24,#9c9c9c
11,25,#8c8c8c
11,26,#828282
11,27,#797979
11,28,#6e6e6e
11,29,#6d6d6d
11,30,#737373
11,31,#818181
11,32,#9c9c9c
11,33,#9f9f9f
11,34,#828282
11,35,#757575
11,36,#717171
11,37,#787878
11,38,#888888
11,39,#878787
11,40,#848484
11,41,#8d8d8d
11,42,#8c8c8c
11,43,#7f7f7f
11,44,#b1b1b1
11,55,#fefefe
11,56,#fbfbfb
11,57,#f4f4f4
11,58,#eeeeee
11,59,#e7e7e7
11,60,#dedede
12,12,#dedede
12,13,#8f8f8f
12,14,#4b4b4b
12,15,#505050
12,16,#373737
12,17,#383838
12,18,#474747
12,19,#4f4f4f
12,20,#474747
12,21,#424242
12,22,#4c4c4c
12,23,#505050
12,24,#4b4b4b
12,25,#484848
12,26,#464646
12,27,#404040
12,28,#474747
12,29,#505050
12,30,#595959
12,31,#686868
12,32,#878787
12,33,#9d9d9d
12,34,#9a9a9a
12,35,#969696
12,36,#959595
12,37,#999999
12,38,#9c9c9c
12,39,#999999
12,40,#929292
12,41,#8d8d8d
12,42,#858585
12,43,#818181
12,44,#969696
12,45,#b4b4b4
12,46,#cccccc
12,47,#eaeaea
12,54,#fefefe
12,55,#fdfdfd
12,56,#f4f4f4
12,57,#d7d7d7
12,58,#b1b1b1
12,59,#a3a3a3
12,60,#868686
13,11,#e0e0e0
13,12,#929292
13,13,#5f5f5f
13,14,#3e3e3e
13,15,#3f3f3f
13,16,#232323
13,17,#202020
13,18,#282828
13,19,#2f2f2f
13,20,#333333
13,21,#333333
13,22,#383838
13,23,#383838
13,24,#3a3a3a
13,25,#3c3c3c
13,26,#3c3c3c
13,27,#434343
13,28,#5a5a5a
13,29,#767676
13,30,#888888
13,31,#959595
13,32,#9f9f9f
13,33,#9f9f9f
13,34,#9c9c9c
13,35,#9d9d9d
13,36,#9f9f9f
13,37,#9d9d9d
13,38,#9a9a9a
13,39,#959595
13,40,#8b8b8b
13,41,#7e7e7e
13,42,#737373
13,43,#6e6e6e
13,44,#717171
13,45,#787878
13,46,#848484
13,47,#979797
13,48,#acacac
13,49,#bbbbbb
13,50,#c3c3c3
13,51,#d1d1d1
13,52,#ececec
13,53,#f0f0f0
13,54,#f5f5f5
13,55,#f8f8f8
13,56,#ebebeb
13,57,#cdcdcd
13,58,#afafaf
13,59,#919191
13,60,#494949
14,10,#fbfbfb
14,11,#929292
14,12,#777777
14,13,#3d3d3d
14,14,#3a3a3a
14,15,#2f2f2f
14,16,#1c1c1c
14,17,#1c1c1c
14,18,#262626
14,19,#282828
14,20,#2f2f2f
14,21,#323232
14,22,#393939
14,23,#424242
14,24,#494949
14,25,#515151
14,26,#606060
14,27,#797979
14,28,#8e8e8e
14,29,#9e9e9e
14,30,#a8a8a8
14,31,#aaaaaa
14,32,#a6a6a6
14,33,#a2a2a2
14,34,#a1a1a1
14,35,#a3a3a3
14,36,#a3a3a3
14,37,#a1a1a1
14,38,#9c9c9c
14,39,#919191
14,40,#7f7f7f
14,41,#6f6f6f
14,42,#616161
14,43,#5b5b5b
14,44,#5d5d5d
14,45,#626262
14,46,#666666
14,47,#696969
14,48,#717171
14,49,#808080
14,50,#8e8e8e
14,51,#959595
14,52,#989898
14,53,#9c9c9c
14,54,#b1b1b1
14,55,#c5c5c5
14,56,#bebebe
14,57,#afafaf
14,58,#a3a3a3
14,59,#868686
14,60,#4a4a4a
15,9,#fefefe
15,10,#d3d3d3
15,11,#676767
15,12,#6a6a6a
15,13,#313131
15,14,#2d2d2d
15,15,#343434
15,16,#1d1d1d
15,17,#1c1c1c
15,18,#242424
15,19,#242424
15,20,#303030
15,21,#3d3d3d
15,22,#464646
15,23,#535353
15,24,#656565
15,25,#797979
15,26,#8e8e8e
15,27,#a1a1a1
15,28,#ababab
15,29,#afafaf
15,30,#aeaeae
15,31,#aaaaaa
15,32,#aaaaaa
15,33,#adadad
15,34,#afafaf
15,35,#afafaf
15,36,#b1b1b1
15,37,#b1b1b1
15,38,#a8a8a8
15,39,#949494
15,40,#7e7e7e
15,41,#6a6a6a
15,42,#585858
15,43,#515151
15,44,#575757
15,45,#5f5f5f
15,46,#656565
15,47,#666666
15,48,#636363
15,49,#656565
15,50,#6e6e6e
15,51,#7a7a7a
15,52,#7a7a7a
15,53,#6a6a6a
15,54,#6d6d6d
15,55,#7b7b7b
15,56,#7f7f7f
15,57,#7f7f7f
15,58,#7f7f7f
15,59,#767676
15,60,#646464
16,6,#fdfdfd
16,7,#e8e8e8
16,8,#b8b8b8
16,9,#b9b9b9
16,10,#a7a7a7
16,11,#5a5a5a
16,12,#434343
16,13,#262626
16,14,#1f1f1f
16,15,#383838
16,16,#1f1f1f
16,17,#1c1c1c
16,18,#222222
16,19,#272727
16,20,#383838
16,21,#484848
16,22,#555555
16,23,#6d6d6d
16,24,#828282
16,25,#949494
16,26,#a3a3a3
16,27,#aeaeae
16,28,#b2b2b2
16,29,#b2b2b2
16,30,#b0b0b0
16,31,#afafaf
16,32,#b3b3b3
16,33,#b8b8b8
16,34,#b8b8b8
16,35,#bababa
16,36,#c1c1c1
16,37,#c1c1c1
16,38,#b6b6b6
16,39,#9f9f9f
16,40,#838383
16,41,#6c6c6c
16,42,#595959
16,43,#535353
16,44,#5c5c5c
16,45,#676767
16,46,#6d6d6d
16,47,#6d6d6d
16,48,#656565
16,49,#5d5d5d
16,50,#5d5d5d
16,51,#676767
16,52,#707070
16,53,#656565
16,54,#525252
16,55,#555555
16,56,#636363
16,57,#6d6d6d
16,58,#767676
16,59,#767676
16,60,#737373
17,6,#fdfdfd
17,7,#dadada
17,8,#a3a3a3
17,9,#929292
17,10,#656565
17,11,#363636
17,12,#1e1e1e
17,13,#191919
17,14,#1a1a1a
17,15,#2d2d2d
17,16,#1d1d1d
17,17,#1c1c1c
17,18,#2b2b2b
17,19,#343434
17,20,#4c4c4c
17,21,#676767
17,22,#7e7e7e
17,23,#909090
17,24,#989898
17,25,#a1a1a1
17,26,#acacac
17,27,#afafaf
17,28,#adadad
17,29,#a8a8a8
17,30,#a1a1a1
17,31,#9f9f9f
17,32,#adadad
17,33,#bbbbbb
17,34,#bebebe
17,35,#c4c4c4
17,36,#cccccc
17,37,#cbcbcb
17,38,#bfbfbf
17,39,#a9a9a9
17,40,#8c8c8c
17,41,#707070
17,42,#585858
17,43,#494949
17,44,#4e4e4e
17,45,#606060
17,46,#6c6c6c
17,47,#6a6a6a
17,48,#606060
17,49,#5a5a5a
17,50,#595959
17,51,#5f5f5f
17,52,#666666
17,53,#666666
17,54,#515151
17,55,#414141
17,56,#4d4d4d
17,57,#5f5f5f
17,58,#6e6e6e
17,59,#757575
17,60,#7b7b7b
18,5,#fdfdfd
18,6,#f1f1f1
18,7,#bababa
18,8,#808080
18,9,#7f7f7f
18,10,#424242
18,11,#262626
18,12,#171717
18,13,#141414
18,14,#171717
18,15,#2b2b2b
18,16,#363636
18,17,#464646
18,18,#5c5c5c
18,19,#6e6e6e
18,20,#7e7e7e
18,21,#8f8f8f
18,22,#9c9c9c
18,23,#a0a0a0
18,24,#a0a0a0
18,25,#a9a9a9
18,26,#aeaeae
18,27,#a6a6a6
18,28,#a1a1a1
18,29,#9a9a9a
18,30,#8a8a8a
18,31,#7b7b7b
18,32,#949494
18,33,#b8b8b8
18,34,#c1c1c1
18,35,#cbcbcb
18,36,#d1d1d1
18,37,#cecece
18,38,#c3c3c3
18,39,#aeaeae
18,40,#8f8f8f
18,41,#6d6d6d
18,42,#4a4a4a
18,43,#2f2f2f
18,44,#2f2f2f
18,45,#464646
18,46,#585858
18,47,#5b5b5b
18,48,#5a5a5a
18,49,#5d5d5d
18,50,#606060
18,51,#676767
18,52,#6e6e6e
18,53,#707070
18,54,#616161
18,55,#414141
18,56,#383838
18,57,#4c4c4c
18,58,#5f5f5f
18,59,#696969
18,60,#747474
19,5,#f1f1f1
19,6,#b4b4b4
19,7,#7d7d7d
19,8,#6d6d6d
19,9,#656565
19,10,#424242
19,11,#272727
19,12,#191919
19,13,#161616
19,14,#202020
19,15,#505050
19,16,#737373
19,17,#878787
19,18,#919191
19,19,#999999
19,20,#9b9b9b
19,21,#9a9a9a
19,22,#9e9e9e
19,23,#a3a3a3
19,24,#a9a9a9
19,25,#b2b2b2
19,26,#a9a9a9
19,27,#a1a1a1
19,28,#a0a0a0
19,29,#909090
19,30,#727272
19,31,#575757
19,32,#767676
19,33,#a8a8a8
19,34,#b9b9b9
19,35,#cccccc
19,36,#d4d4d4
19,37,#cfcfcf
19,38,#c3c3c3
19,39,#acacac
19,40,#888888
19,41,#5d5d5d
19,42,#353535
19,43,#202020
19,44,#1f1f1f
19,45,#282828
19,46,#444444
19,47,#5d5d5d
19,48,#626262
19,49,#696969
19,50,#757575
19,51,#7d7d7d
19,52,#828282
19,53,#828282
19,54,#777777
19,55,#585858
19,56,#333333
19,57,#3c3c3c
19,58,#4e4e4e
19,59,#5a5a5a
19,60,#646464
20,4,#fdfdfd
20,5,#dbdbdb
20,6,#898989
20,7,#424242
20,8,#6a6a6a
20,9,#5c5c5c
20,10,#424242
20,11,#202020
20,12,#141414
20,13,#1b1b1b
20,14,#434343
20,15,#848484
20,16,#a1a1a1
20,17,#a8a8a8
20,18,#a7a7a7
20,19,#a2a2a2
20,20,#9d9d9d
20,21,#999999
20,22,#9e9e9e
20,23,#a7a7a7
20,24,#b3b3b3
20,25,#afafaf
20,26,#a1a1a1
20,27,#a6a6a6
20,28,#a5a5a5
20,29,#898989
20,30,#575757
20,31,#3e3e3e
20,32,#616161
20,33,#8b8b8b
20,34,#a1a1a1
20,35,#c2c2c2
20,36,#d3d3d3
20,37,#cdcdcd
20,38,#bebebe
20,39,#a0a0a0
20,40,#747474
20,41,#484848
20,42,#2d2d2d
20,43,#2b2b2b
20,44,#262626
20,45,#212121
20,46,#454545
20,47,#737373
20,48,#858585
20,49,#8b8b8b
20,50,#959595
20,51,#9a9a9a
20,52,#979797
20,53,#8f8f8f
20,54,#818181
20,55,#6b6b6b
20,56,#454545
20,57,#303030
20,58,#3b3b3b
20,59,#4a4a4a
20,60,#545454
21,4,#e9e9e9
21,5,#acacac
21,6,#6e6e6e
21,7,#323232
21,8,#616161
21,9,#4c4c4c
21,10,#2f2f2f
21,11,#202020
21,12,#161616
21,13,#222222
21,14,#5c5c5c
21,15,#979797
21,16,#adadad
21,17,#b0b0b0
21,18,#b0b0b0
21,19,#a9a9a9
21,20,#9f9f9f
21,21,#9b9b9b
21,22,#9f9f9f
21,23,#a9a9a9
21,24,#b6b6b6
21,25,#a3a3a3
21,26,#9b9b9b
21,27,#acacac
21,28,#a8a8a8
21,29,#878787
21,30,#4b4b4b
21,31,#505050
21,32,#6c6c6c
21,33,#6d6d6d
21,34,#868686
21,35,#b3b3b3
21,36,#cccccc
21,37,#c4c4c4
21,38,#afafaf
21,39,#8b8b8b
21,40,#606060
21,41,#444444
21,42,#424242
21,43,#4d4d4d
21,44,#414141
21,45,#2f2f2f
21,46,#454545
21,47,#808080
21,48,#9c9c9c
21,49,#acacac
21,50,#afafaf
21,51,#acacac
21,52,#a4a4a4
21,53,#999999
21,54,#868686
21,55,#6e6e6e
21,56,#515151
21,57,#303030
21,58,#292929
21,59,#393939
21,60,#474747
22,4,#e0e0e0
22,5,#8e8e8e
22,6,#515151
22,7,#2a2a2a
22,8,#4b4b4b
22,9,#393939
22,10,#202020
22,11,#262626
22,12,#1e1e1e
22,13,#323232
22,14,#6d6d6d
22,15,#9d9d9d
22,16,#afafaf
22,17,#b2b2b2
22,18,#b3b3b3
22,19,#adadad
22,20,#a4a4a4
22,21,#9e9e9e
22,22,#9e9e9e
22,23,#a9a9a9
22,24,#b1b1b1
22,25,#929292
22,26,#959595
22,27,#b0b0b0
22,28,#aaaaaa
22,29,#818181
22,30,#454545
22,31,#515151
22,32,#646464
22,33,#575757
22,34,#747474
22,35,#a7a7a7
22,36,#c3c3c3
22,37,#b7b7b7
22,38,#9e9e9e
22,39,#7a7a7a
22,40,#5e5e5e
22,41,#5d5d5d
22,42,#6c6c6c
22,43,#727272
22,44,#5f5f5f
22,45,#3d3d3d
22,46,#393939
22,47,#7e7e7e
22,48,#a5a5a5
22,49,#b1b1b1
22,50,#b4b4b4
22,51,#b0b0b0
22,52,#a8a8a8
22,53,#9f9f9f
22,54,#8a8a8a
22,55,#6d6d6d
22,56,#505050
22,57,#363636
22,58,#202020
22,59,#2a2a2a
22,60,#3e3e3e
23,4,#ededed
23,5,#a2a2a2
23,6,#575757
23,7,#272727
23,8,#363636
23,9,#2d2d2d
23,10,#1e1e1e
23,11,#242424
23,12,#242424
23,13,#4a4a4a
23,14,#848484
23,15,#a6a6a6
23,16,#b1b1b1
23,17,#b4b4b4
23,18,#b2b2b2
23,19,#acacac
23,20,#a5a5a5
23,21,#9e9e9e
23,22,#9c9c9c
23,23,#a5a5a5
23,24,#ababab
23,25,#848484
23,26,#898989
23,27,#ababab
23,28,#a9a9a9
23,29,#797979
23,30,#3e3e3e
23,31,#323232
23,32,#3d3d3d
23,33,#484848
23,34,#696969
23,35,#9f9f9f
23,36,#bbbbbb
23,37,#a9a9a9
23,38,#909090
23,39,#797979
23,40,#757575
23,41,#878787
23,42,#969696
23,43,#919191
23,44,#767676
23,45,#474747
23,46,#2d2d2d
23,47,#717171
23,48,#b3b3b3
23,49,#aeaeae
23,50,#a7a7a7
23,51,#a6a6a6
23,52,#a6a6a6
23,53,#9d9d9d
23,54,#8d8d8d
23,55,#6c6c6c
23,56,#4d4d4d
23,57,#3b3b3b
23,58,#1f1f1f
23,59,#1f1f1f
23,60,#353535
24,4,#cfcfcf
24,5,#909090
24,6,#5b5b5b
24,7,#373737
24,8,#2e2e2e
24,9,#2c2c2c
24,10,#1e1e1e
24,11,#1f1f1f
24,12,#272727
24,13,#636363
24,14,#999999
24,15,#aeaeae
24,16,#b3b3b3
24,17,#b3b3b3
24,18,#b0b0b0
24,19,#a8a8a8
24,20,#9f9f9f
24,21,#979797
24,22,#959595
24,23,#a0a0a0
24,24,#a4a4a4
24,25,#797979
24,26,#737373
24,27,#969696
24,28,#9f9f9f
24,29,#797979
24,30,#404040
24,31,#1c1c1c
24,32,#1c1c1c
24,33,#3b3b3b
24,34,#666666
24,35,#9c9c9c
24,36,#b1b1b1
24,37,#9f9f9f
24,38,#939393
24,39,#939393
24,40,#9f9f9f
24,41,#b2b2b2
24,42,#b9b9b9
24,43,#aaaaaa
24,44,#848484
24,45,#4b4b4b
24,46,#272727
24,47,#585858
24,48,#b5b5b5
24,49,#b7b7b7
24,50,#979797
24,51,#909090
24,52,#999999
24,53,#989898
24,54,#8f8f8f
24,55,#6b6b6b
24,56,#4a4a4a
24,57,#414141
24,58,#262626
24,59,#171717
24,60,#333333
25,4,#c7c7c7
25,5,#727272
25,6,#434343
25,7,#313131
25,8,#222222
25,9,#272727
25,10,#282828
25,11,#212121
25,12,#2a2a2a
25,13,#6b6b6b
25,14,#9a9a9a
25,15,#afafaf
25,16,#b5b5b5
25,17,#b4b4b4
25,18,#b0b0b0
25,19,#a8a8a8
25,20,#9d9d9d
25,21,#919191
25,22,#8f8f8f
25,23,#9c9c9c
25,24,#a3a3a3
25,25,#7d7d7d
25,26,#5e5e5e
25,27,#6f6f6f
25,28,#838383
25,29,#6f6f6f
25,30,#3f3f3f
25,31,#1a1a1a
25,32,#1d1d1d
25,33,#3f3f3f
25,34,#6e6e6e
25,35,#a2a2a2
25,36,#aeaeae
25,37,#a1a1a1
25,38,#989898
25,39,#959595
25,40,#a8a8a8
25,41,#c6c6c6
25,42,#c5c5c5
25,43,#b3b3b3
25,44,#868686
25,45,#4c4c4c
25,46,#323232
25,47,#474747
25,48,#949494
25,49,#c4c4c4
25,50,#979797
25,51,#747474
25,52,#808080
25,53,#8d8d8d
25,54,#8b8b8b
25,55,#6a6a6a
25,56,#4a4a4a
25,57,#454545
25,58,#303030
25,59,#131313
25,60,#2d2d2d
26,4,#f0f0f0
26,5,#959595
26,6,#4b4b4b
26,7,#3f3f3f
26,8,#2d2d2d
26,9,#222222
26,10,#262626
26,11,#1e1e1e
26,12,#303030
26,13,#676767
26,14,#909090
26,15,#aeaeae
26,16,#b7b7b7
26,17,#b6b6b6
26,18,#b4b4b4
26,19,#aeaeae
26,20,#a2a2a2
26,21,#959595
26,22,#909090
26,23,#999999
26,24,#a4a4a4
26,25,#878787
26,26,#535353
26,27,#4c4c4c
26,28,#5f5f5f
26,29,#545454
26,30,#353535
26,31,#1f1f1f
26,32,#2c2c2c
26,33,#515151
26,34,#808080
26,35,#aeaeae
26,36,#b4b4b4
26,37,#a9a9a9
26,38,#909090
26,39,#6c6c6c
26,40,#898989
26,41,#c3c3c3
26,42,#c5c5c5
26,43,#b3b3b3
26,44,#878787
26,45,#565656
26,46,#4b4b4b
26,47,#494949
26,48,#707070
26,49,#c1c1c1
26,50,#a1a1a1
26,51,#646464
26,52,#666666
26,53,#7b7b7b
26,54,#858585
26,55,#6e6e6e
26,56,#4e4e4e
26,57,#484848
26,58,#3b3b3b
26,59,#131313
26,60,#313131
27,4,#f9f9f9
27,5,#a7a7a7
27,6,#484848
27,7,#535353
27,8,#404040
27,9,#232323
27,10,#171717
27,11,#181818
27,12,#343434
27,13,#666666
27,14,#8f8f8f
27,15,#b1b1b1
27,16,#bbbbbb
27,17,#bababa
27,18,#b8b8b8
27,19,#b1b1b1
27,20,#a6a6a6
27,21,#9a9a9a
27,22,#939393
27,23,#979797
27,24,#a0a0a0
27,25,#8e8e8e
27,26,#585858
27,27,#414141
27,28,#484848
27,29,#464646
27,30,#353535
27,31,#282828
27,32,#383838
27,33,#636363
27,34,#949494
27,35,#b6b6b6
27,36,#b4b4b4
27,37,#a9a9a9
27,38,#818181
27,39,#4b4b4b
27,40,#707070
27,41,#b0b0b0
27,42,#bdbdbd
27,43,#b0b0b0
27,44,#8a8a8a
27,45,#5f5f5f
27,46,#5e5e5e
27,47,#585858
27,48,#5e5e5e
27,49,#a3a3a3
27,50,#acacac
27,51,#676767
27,52,#555555
27,53,#696969
27,54,#7f7f7f
27,55,#727272
27,56,#525252
27,57,#4b4b4b
27,58,#454545
27,59,#181818
27,60,#5a5a5a
28,3,#fcfcfc
28,4,#d3d3d3
28,5,#8d8d8d
28,6,#505050
28,7,#434343
28,8,#333333
28,9,#1e1e1e
28,10,#1b1b1b
28,11,#202020
28,12,#3a3a3a
28,13,#707070
28,14,#9f9f9f
28,15,#bbbbbb
28,16,#bfbfbf
28,17,#bfbfbf
28,18,#bbbbbb
28,19,#b2b2b2
28,20,#a7a7a7
28,21,#9c9c9c
28,22,#949494
28,23,#949494
28,24,#9c9c9c
28,25,#959595
28,26,#686868
28,27,#464646
28,28,#454545
28,29,#474747
28,30,#424242
28,31,#3e3e3e
28,32,#515151
28,33,#7d7d7d
28,34,#a6a6a6
28,35,#b3b3b3
28,36,#b1b1b1
28,37,#aaaaaa
28,38,#7f7f7f
28,39,#474747
28,40,#5a5a5a
28,41,#8e8e8e
28,42,#a4a4a4
28,43,#a0a0a0
28,44,#898989
28,45,#636363
28,46,#5a5a5a
28,47,#6a6a6a
28,48,#575757
28,49,#898989
28,50,#b2b2b2
28,51,#707070
28,52,#474747
28,53,#595959
28,54,#747474
28,55,#6c6c6c
28,56,#505050
28,57,#4c4c4c
28,58,#4b4b4b
28,59,#1d1d1d
28,60,#818181
29,1,#fefefe
29,2,#f8f8f8
29,3,#bababa
29,4,#9f9f9f
29,5,#787878
29,6,#787878
29,7,#585858
29,8,#2e2e2e
29,9,#1a1a1a
29,10,#1c1c1c
29,11,#252525
29,12,#474747
29,13,#868686
29,14,#aeaeae
29,15,#c0c0c0
29,16,#c3c3c3
29,17,#c1c1c1
29,18,#bbbbbb
29,19,#b2b2b2
29,20,#a5a5a5
29,21,#9b9b9b
29,22,#939393
29,23,#919191
29,24,#979797
29,25,#959595
29,26,#7c7c7c
29,27,#5b5b5b
29,28,#505050
29,29,#525252
29,30,#585858
29,31,#636363
29,32,#7c7c7c
29,33,#9e9e9e
29,34,#b2b2b2
29,35,#b6b6b6
29,36,#c1c1c1
29,37,#b8b8b8
29,38,#8b8b8b
29,39,#595959
29,40,#4f4f4f
29,41,#737373
29,42,#939393
29,43,#999999
29,44,#909090
29,45,#696969
29,46,#4f4f4f
29,47,#6f6f6f
29,48,#424242
29,49,#737373
29,50,#a8a8a8
29,51,#717171
29,52,#414141
29,53,#4c4c4c
29,54,#646464
29,55,#5f5f5f
29,56,#4a4a4a
29,57,#4b4b4b
29,58,#4c4c4c
29,59,#222222
29,60,#a3a3a3
30,0,#fcfcfc
30,1,#e1e1e1
30,2,#c9c9c9
30,3,#787878
30,4,#898989
30,5,#767676
30,6,#686868
30,7,#626262
30,8,#454545
30,9,#1b1b1b
30,10,#151515
30,11,#1d1d1d
30,12,#565656
30,13,#989898
30,14,#b4b4b4
30,15,#c0c0c0
30,16,#c4c4c4
30,17,#c3c3c3
30,18,#bababa
30,19,#b1b1b1
30,20,#a5a5a5
30,21,#9b9b9b
30,22,#939393
30,23,#919191
30,24,#929292
30,25,#919191
30,26,#888888
30,27,#707070
30,28,#606060
30,29,#616161
30,30,#6b6b6b
30,31,#7b7b7b
30,32,#979797
30,33,#afafaf
30,34,#b5b5b5
30,35,#c1c1c1
30,36,#d5d5d5
30,37,#c1c1c1
30,38,#919191
30,39,#636363
30,40,#4e4e4e
30,41,#666666
30,42,#929292
30,43,#a2a2a2
30,44,#9c9c9c
30,45,#6f6f6f
30,46,#444444
30,47,#5f5f5f
30,48,#313131
30,49,#555555
30,50,#8d8d8d
30,51,#696969
30,52,#414141
30,53,#444444
30,54,#565656
30,55,#525252
30,56,#474747
30,57,#4c4c4c
30,58,#4a4a4a
30,59,#272727
30,60,#c6c6c6
31,0,#f9f9f9
31,1,#bababa
31,2,#989898
31,3,#919191
31,4,#a0a0a0
31,5,#9e9e9e
31,6,#5e5e5e
31,7,#454545
31,8,#454545
31,9,#1d1d1d
31,10,#141414
31,11,#232323
31,12,#666666
31,13,#a3a3a3
31,14,#bbbbbb
31,15,#c2c2c2
31,16,#c6c6c6
31,17,#c3c3c3
31,18,#bbbbbb
31,19,#b0b0b0
31,20,#a6a6a6
31,21,#9d9d9d
31,22,#979797
31,23,#939393
31,24,#919191
31,25,#8d8d8d
31,26,#858585
31,27,#787878
31,28,#6a6a6a
31,29,#696969
31,30,#717171
31,31,#7d7d7d
31,32,#939393
31,33,#a5a5a5
31,34,#a6a6a6
31,35,#c4c4c4
31,36,#e4e4e4
31,37,#cacaca
31,38,#999999
31,39,#636363
31,40,#414141
31,41,#555555
31,42,#888888
31,43,#a8a8a8
31,44,#afafaf
31,45,#7b7b7b
31,46,#3b3b3b
31,47,#3e3e3e
31,48,#2a2a2a
31,49,#393939
31,50,#6c6c6c
31,51,#5b5b5b
31,52,#424242
31,53,#424242
31,54,#4b4b4b
31,55,#4a4a4a
31,56,#484848
31,57,#4f4f4f
31,58,#464646
31,59,#484848
31,60,#e2e2e2
32,0,#fbfbfb
32,1,#d7d7d7
32,2,#cccccc
32,3,#d8d8d8
32,4,#e6e6e6
32,5,#e9e9e9
32,6,#a4a4a4
32,7,#393939
32,8,#1d1d1d
32,9,#131313
32,10,#262626
32,11,#3d3d3d
32,12,#7c7c7c
32,13,#ababab
32,14,#bfbfbf
32,15,#c5c5c5
32,16,#c9c9c9
32,17,#c3c3c3
32,18,#bababa
32,19,#b1b1b1
32,20,#a5a5a5
32,21,#9f9f9f
32,22,#9b9b9b
32,23,#979797
32,24,#909090
32,25,#888888
32,26,#7f7f7f
32,27,#757575
32,28,#6a6a6a
32,29,#636363
32,30,#656565
32,31,#696969
32,32,#727272
32,33,#797979
32,34,#7b7b7b
32,35,#a8a8a8
32,36,#e2e2e2
32,37,#dddddd
32,38,#afafaf
32,39,#696969
32,40,#363636
32,41,#464646
32,42,#7e7e7e
32,43,#b8b8b8
32,44,#d2d2d2
32,45,#9f9f9f
32,46,#474747
32,47,#2e2e2e
32,48,#2d2d2d
32,49,#262626
32,50,#505050
32,51,#4c4c4c
32,52,#404040
32,53,#434343
32,54,#474747
32,55,#464646
32,56,#494949
32,57,#4e4e4e
32,58,#474747
32,59,#8f8f8f
32,60,#ececec
33,5,#fbfbfb
33,6,#b2b2b2
33,7,#2f2f2f
33,8,#181818
33,9,#0e0e0e
33,10,#303030
33,11,#4c4c4c
33,12,#888888
33,13,#b4b4b4
33,14,#c2c2c2
33,15,#c5c5c5
33,16,#c7c7c7
33,17,#c3c3c3
33,18,#bebebe
33,19,#b5b5b5
33,20,#a7a7a7
33,21,#9f9f9f
33,22,#989898
33,23,#909090
33,24,#878787
33,25,#7e7e7e
33,26,#787878
33,27,#6f6f6f
33,28,#646464
33,29,#595959
33,30,#535353
33,31,#4f4f4f
33,32,#494949
33,33,#464646
33,34,#4c4c4c
33,35,#717171
33,36,#bbbbbb
33,37,#dfdfdf
33,38,#cacaca
33,39,#919191
33,40,#494949
33,41,#424242
33,42,#757575
33,43,#b2b2b2
33,44,#d2d2d2
33,45,#b7b7b7
33,46,#656565
33,47,#303030
33,48,#303030
33,49,#191919
33,50,#383838
33,51,#3c3c3c
33,52,#3d3d3d
33,53,#424242
33,54,#414141
33,55,#404040
33,56,#484848
33,57,#4e4e4e
33,58,#5a5a5a
33,59,#c9c9c9
33,60,#f2f2f2
34,3,#fdfdfd
34,4,#e3e3e3
34,5,#cccccc
34,6,#787878
34,7,#272727
34,8,#161616
34,9,#131313
34,10,#1b1b1b
34,11,#515151
34,12,#828282
34,13,#b2b2b2
34,14,#c0c0c0
34,15,#c3c3c3
34,16,#c6c6c6
34,17,#c7c7c7
34,18,#c6c6c6
34,19,#bcbcbc
34,20,#acacac
34,21,#9f9f9f
34,22,#909090
34,23,#7f7f7f
34,24,#757575
34,25,#6f6f6f
34,26,#6d6d6d
34,27,#676767
34,28,#5b5b5b
34,29,#4b4b4b
34,30,#3f3f3f
34,31,#363636
34,32,#2f2f2f
34,33,#313131
34,34,#3d3d3d
34,35,#515151
34,36,#7f7f7f
34,37,#a4a4a4
34,38,#b1b1b1
34,39,#b2b2b2
34,40,#818181
34,41,#565656
34,42,#616161
34,43,#7c7c7c
34,44,#919191
34,45,#888888
34,46,#5d5d5d
34,47,#2a2a2a
34,48,#131313
34,49,#171717
34,50,#2e2e2e
34,51,#383838
34,52,#414141
34,53,#3f3f3f
34,54,#3d3d3d
34,55,#3c3c3c
34,56,#474747
34,57,#555555
34,58,#858585
34,59,#e2e2e2
34,60,#fbfbfb
35,3,#fbfbfb
35,4,#bcbcbc
35,5,#848484
35,6,#5f5f5f
35,7,#2e2e2e
35,8,#131313
35,9,#1f1f1f
35,10,#303030
35,11,#555555
35,12,#828282
35,13,#b4b4b4
35,14,#c3c3c3
35,15,#c8c8c8
35,16,#c8c8c8
35,17,#cccccc
35,18,#cccccc
35,19,#c3c3c3
35,20,#b3b3b3
35,21,#a3a3a3
35,22,#8b8b8b
35,23,#727272
35,24,#666666
35,25,#626262
35,26,#656565
35,27,#606060
35,28,#4f4f4f
35,29,#3e3e3e
35,30,#323232
35,31,#2c2c2c
35,32,#303030
35,33,#383838
35,34,#4b4b4b
35,35,#555555
35,36,#5b5b5b
35,37,#6e6e6e
35,38,#848484
35,39,#a0a0a0
35,40,#9e9e9e
35,41,#7a7a7a
35,42,#606060
35,43,#535353
35,44,#505050
35,45,#484848
35,46,#383838
35,47,#272727
35,48,#161616
35,49,#1a1a1a
35,50,#393939
35,51,#484848
35,52,#464646
35,53,#3e3e3e
35,54,#3b3b3b
35,55,#3e3e3e
35,56,#4d4d4d
35,57,#6c6c6c
35,58,#b3b3b3
35,59,#f5f5f5
35,60,#fefefe
36,3,#fdfdfd
36,4,#c2c2c2
36,5,#727272
36,6,#4e4e4e
36,7,#343434
36,8,#151515
36,9,#2a2a2a
36,10,#2e2e2e
36,11,#525252
36,12,#858585
36,13,#bbbbbb
36,14,#cfcfcf
36,15,#d3d3d3
36,16,#cfcfcf
36,17,#cfcfcf
36,18,#d1d1d1
36,19,#c8c8c8
36,20,#bcbcbc
36,21,#a9a9a9
36,22,#8f8f8f
36,23,#727272
36,24,#606060
36,25,#5b5b5b
36,26,#5e5e5e
36,27,#5a5a5a
36,28,#474747
36,29,#343434
36,30,#2d2d2d
36,31,#373737
36,32,#474747
36,33,#4e4e4e
36,34,#666666
36,35,#6c6c6c
36,36,#565656
36,37,#666666
36,38,#858585
36,39,#9c9c9c
36,40,#a1a1a1
36,41,#929292
36,42,#737373
36,43,#505050
36,44,#3c3c3c
36,45,#323232
36,46,#292929
36,47,#1f1f1f
36,48,#171717
36,49,#272727
36,50,#505050
36,51,#595959
36,52,#4a4a4a
36,53,#3d3d3d
36,54,#3a3a3a
36,55,#444444
36,56,#5d5d5d
36,57,#9a9a9a
36,58,#dddddd
36,59,#fdfdfd
36,60,#fefefe
37,4,#c8c8c8
37,5,#747474
37,6,#4e4e4e
37,7,#414141
37,8,#232323
37,9,#2b2b2b
37,10,#212121
37,11,#3c3c3c
37,12,#7e7e7e
37,13,#b8b8b8
37,14,#d6d6d6
37,15,#dbdbdb
37,16,#d8d8d8
37,17,#d7d7d7
37,18,#d8d8d8
37,19,#d1d1d1
37,20,#c6c6c6
37,21,#b1b1b1
37,22,#979797
37,23,#787878
37,24,#626262
37,25,#595959
37,26,#5a5a5a
37,27,#595959
37,28,#424242
37,29,#2b2b2b
37,30,#2b2b2b
37,31,#4a4a4a
37,32,#5f5f5f
37,33,#5a5a5a
37,34,#676767
37,35,#6b6b6b
37,36,#4f4f4f
37,37,#555555
37,38,#838383
37,39,#afafaf
37,40,#b9b9b9
37,41,#a1a1a1
37,42,#868686
37,43,#646464
37,44,#404040
37,45,#292929
37,46,#1d1d1d
37,47,#191919
37,48,#1d1d1d
37,49,#383838
37,50,#5c5c5c
37,51,#575757
37,52,#444444
37,53,#383838
37,54,#3a3a3a
37,55,#4a4a4a
37,56,#797979
37,57,#cccccc
37,58,#f6f6f6
38,4,#d3d3d3
38,5,#8b8b8b
38,6,#6d6d6d
38,7,#555555
38,8,#4c4c4c
38,9,#303030
38,10,#353535
38,11,#424242
38,12,#6d6d6d
38,13,#a3a3a3
38,14,#d6d6d6
38,15,#e5e5e5
38,16,#e2e2e2
38,17,#e4e4e4
38,18,#e9e9e9
38,19,#e6e6e6
38,20,#d9d9d9
38,21,#c0c0c0
38,22,#9b9b9b
38,23,#7d7d7d
38,24,#696969
38,25,#5a5a5a
38,26,#585858
38,27,#5f5f5f
38,28,#4b4b4b
38,29,#2c2c2c
38,30,#2d2d2d
38,31,#5c5c5c
38,32,#717171
38,33,#525252
38,34,#363636
38,35,#333333
38,36,#3f3f3f
38,37,#484848
38,38,#787878
38,39,#c3c3c3
38,40,#d9d9d9
38,41,#bababa
38,42,#9a9a9a
38,43,#7f7f7f
38,44,#616161
38,45,#424242
38,46,#262626
38,47,#1e1e1e
38,48,#282828
38,49,#424242
38,50,#4e4e4e
38,51,#434343
38,52,#3c3c3c
38,53,#363636
38,54,#393939
38,55,#5a5a5a
38,56,#afafaf
38,57,#f3f3f3
39,4,#eaeaea
39,5,#b9b9b9
39,6,#676767
39,7,#5d5d5d
39,8,#636363
39,9,#414141
39,10,#2f2f2f
39,11,#3e3e3e
39,12,#555555
39,13,#7c7c7c
39,14,#cdcdcd
39,15,#efefef
39,16,#f2f2f2
39,17,#f4f4f4
39,18,#f6f6f6
39,19,#f1f1f1
39,20,#e9e9e9
39,21,#d3d3d3
39,22,#adadad
39,23,#929292
39,24,#7b7b7b
39,25,#636363
39,26,#5c5c5c
39,27,#6f6f6f
39,28,#646464
39,29,#373737
39,30,#323232
39,31,#646464
39,32,#7d7d7d
39,33,#595959
39,34,#2b2b2b
39,35,#111111
39,36,#282828
39,37,#434343
39,38,#707070
39,39,#c7c7c7
39,40,#ededed
39,41,#d7d7d7
39,42,#b0b0b0
39,43,#8b8b8b
39,44,#6c6c6c
39,45,#505050
39,46,#383838
39,47,#282828
39,48,#282828
39,49,#323232
39,50,#373737
39,51,#3e3e3e
39,52,#404040
39,53,#3b3b3b
39,54,#494949
39,55,#8b8b8b
39,56,#e5e5e5
39,57,#fdfdfd
39,58,#fefefe
40,4,#fdfdfd
40,5,#d4d4d4
40,6,#5d5d5d
40,7,#666666
40,8,#6c6c6c
40,9,#2f2f2f
40,10,#2e2e2e
40,11,#2e2e2e
40,12,#363636
40,13,#595959
40,14,#b3b3b3
40,15,#eeeeee
40,16,#fbfbfb
40,17,#fcfcfc
40,18,#fcfcfc
40,19,#fcfcfc
40,20,#f6f6f6
40,21,#e6e6e6
40,22,#c7c7c7
40,23,#a9a9a9
40,24,#8e8e8e
40,25,#707070
40,26,#676767
40,27,#7b7b7b
40,28,#848484
40,29,#4e4e4e
40,30,#383838
40,31,#6c6c6c
40,32,#959595
40,33,#757575
40,34,#3b3b3b
40,35,#1c1c1c
40,36,#333333
40,37,#555555
40,38,#868686
40,39,#d8d8d8
40,40,#f8f8f8
40,41,#efefef
40,42,#cecece
40,43,#9d9d9d
40,44,#707070
40,45,#515151
40,46,#393939
40,47,#2a2a2a
40,48,#262626
40,49,#2c2c2c
40,50,#363636
40,51,#3d3d3d
40,52,#3c3c3c
40,53,#4c4c4c
40,54,#828282
40,55,#d8d8d8
40,56,#fcfcfc
40,57,#fdfdfd
40,58,#fefefe
40,59,#fefefe
40,60,#fefefe
41,4,#fefefe
41,5,#c2c2c2
41,6,#787878
41,7,#797979
41,8,#545454
41,9,#282828
41,10,#2b2b2b
41,11,#1f1f1f
41,12,#242424
41,13,#555555
41,14,#939393
41,15,#dedede
41,16,#fbfbfb
41,17,#fefefe
41,18,#fefefe
41,20,#fdfdfd
41,21,#f3f3f3
41,22,#dedede
41,23,#bebebe
41,24,#a0a0a0
41,25,#858585
41,26,#808080
41,27,#868686
41,28,#9a9a9a
41,29,#707070
41,30,#4f4f4f
41,31,#7e7e7e
41,32,#b2b2b2
41,33,#9a9a9a
41,34,#6b6b6b
41,35,#414141
41,36,#525252
41,37,#8e8e8e
41,38,#bbbbbb
41,39,#eaeaea
41,40,#fbfbfb
41,41,#f8f8f8
41,42,#e5e5e5
41,43,#bbbbbb
41,44,#888888
41,45,#656565
41,46,#474747
41,47,#373737
41,48,#363636
41,49,#3c3c3c
41,50,#444444
41,51,#464646
41,52,#585858
41,53,#8c8c8c
41,54,#d8d8d8
41,55,#fdfdfd
41,58,#fefefe
41,59,#fefefe
41,60,#fefefe
42,4,#fefefe
42,5,#c7c7c7
42,6,#b4b4b4
42,7,#d7d7d7
42,8,#808080
42,9,#343434
42,10,#262626
42,11,#292929
42,12,#2d2d2d
42,13,#474747
42,14,#5f5f5f
42,15,#aeaeae
42,16,#ededed
42,17,#fcfcfc
42,18,#fefefe
42,19,#fefefe
42,20,#fdfdfd
42,21,#f7f7f7
42,22,#e6e6e6
42,23,#cfcfcf
42,24,#b2b2b2
42,25,#999999
42,26,#929292
42,27,#999999
42,28,#acacac
42,29,#989898
42,30,#808080
42,31,#959595
42,32,#b4b4b4
42,33,#9f9f9f
42,34,#808080
42,35,#595959
42,36,#545454
42,37,#a9a9a9
42,38,#e5e5e5
42,39,#f0f0f0
42,40,#f5f5f5
42,41,#f4f4f4
42,42,#ededed
42,43,#d7d7d7
42,44,#b5b5b5
42,45,#939393
42,46,#747474
42,47,#656565
42,48,#646464
42,49,#656565
42,50,#676767
42,51,#7f7f7f
42,52,#b1b1b1
42,53,#e1e1e1
42,54,#fdfdfd
42,60,#fefefe
43,5,#efefef
43,6,#dbdbdb
43,7,#c6c6c6
43,8,#5b5b5b
43,9,#222222
43,10,#313131
43,11,#4c4c4c
43,12,#404040
43,13,#343434
43,14,#313131
43,15,#6d6d6d
43,16,#d2d2d2
43,17,#f8f8f8
43,18,#fdfdfd
43,19,#fdfdfd
43,20,#fbfbfb
43,21,#f3f3f3
43,22,#e4e4e4
43,23,#d7d7d7
43,24,#c0c0c0
43,25,#ababab
43,26,#a2a2a2
43,27,#9e9e9e
43,28,#adadad
43,29,#b3b3b3
43,30,#a9a9a9
43,31,#b1b1b1
43,32,#b4b4b4
43,33,#9f9f9f
43,34,#8a8a8a
43,35,#767676
43,36,#6c6c6c
43,37,#a4a4a4
43,38,#e2e2e2
43,39,#ebebeb
43,40,#e7e7e7
43,41,#e6e6e6
43,42,#e6e6e6
43,43,#e0e0e0
43,44,#cecece
43,45,#b9b9b9
43,46,#a5a5a5
43,47,#999999
43,48,#979797
43,49,#979797
43,50,#909090
43,51,#a9a9a9
43,52,#f5f5f5
43,60,#fefefe
44,5,#fcfcfc
44,6,#bfbfbf
44,7,#535353
44,8,#434343
44,9,#323232
44,10,#585858
44,11,#454545
44,12,#484848
44,13,#262626
44,14,#282828
44,15,#565656
44,16,#a8a8a8
44,17,#e6e6e6
44,18,#f7f7f7
44,19,#f8f8f8
44,20,#f6f6f6
44,21,#eeeeee
44,22,#e3e3e3
44,23,#d6d6d6
44,24,#c7c7c7
44,25,#b5b5b5
44,26,#a7a7a7
44,27,#969696
44,28,#a3a3a3
44,29,#b7b7b7
44,30,#c5c5c5
44,31,#c9c9c9
44,32,#bababa
44,33,#aaaaaa
44,34,#a4a4a4
44,35,#9d9d9d
44,36,#9c9c9c
44,37,#b7b7b7
44,38,#d3d3d3
44,39,#dcdcdc
44,40,#dadada
44,41,#d7d7d7
44,42,#d2d2d2
44,43,#cdcdcd
44,44,#cacaca
44,45,#c0c0c0
44,46,#b8b8b8
44,47,#c8c8c8
44,48,#d9d9d9
44,49,#d7d7d7
44,50,#a2a2a2
44,51,#949494
44,52,#fefefe
44,60,#fefefe
45,5,#f3f3f3
45,6,#858585
45,7,#6b6b6b
45,8,#6a6a6a
45,9,#727272
45,10,#3f3f3f
45,11,#232323
45,12,#464646
45,13,#303030
45,14,#212121
45,15,#4a4a4a
45,16,#616161
45,17,#adadad
45,18,#dedede
45,19,#f2f2f2
45,20,#eeeeee
45,21,#e9e9e9
45,22,#e5e5e5
45,23,#d9d9d9
45,24,#c8c8c8
45,25,#b6b6b6
45,26,#ababab
45,27,#9c9c9c
45,28,#9e9e9e
45,29,#aaaaaa
45,30,#bababa
45,31,#cacaca
45,32,#cfcfcf
45,33,#cccccc
45,34,#c8c8c8
45,35,#bebebe
45,36,#bdbdbd
45,37,#c3c3c3
45,38,#c3c3c3
45,39,#c3c3c3
45,40,#c2c2c2
45,41,#c1c1c1
45,42,#b9b9b9
45,43,#acacac
45,44,#a9a9a9
45,45,#999999
45,46,#868686
45,47,#bcbcbc
45,48,#d8d8d8
45,49,#e8e8e8
45,50,#d1d1d1
45,51,#b8b8b8
45,60,#fefefe
46,5,#fcfcfc
46,6,#d5d5d5
46,7,#efefef
46,8,#fafafa
46,9,#dbdbdb
46,10,#6a6a6a
46,11,#303030
46,12,#151515
46,13,#1e1e1e
46,14,#474747
46,15,#6d6d6d
46,16,#464646
46,17,#565656
46,18,#9b9b9b
46,19,#d4d4d4
46,20,#e0e0e0
46,21,#e1e1e1
46,22,#dadada
46,23,#d1d1d1
46,24,#c5c5c5
46,25,#bbbbbb
46,26,#b5b5b5
46,27,#aaaaaa
46,28,#a3a3a3
46,29,#a1a1a1
46,30,#a5a5a5
46,31,#adadad
46,32,#b9b9b9
46,33,#c2c2c2
46,34,#c4c4c4
46,35,#c5c5c5
46,36,#c6c6c6
46,37,#c5c5c5
46,38,#c5c5c5
46,39,#c4c4c4
46,40,#c0c0c0
46,41,#b8b8b8
46,42,#929292
46,43,#606060
46,44,#4b4b4b
46,45,#3b3b3b
46,46,#595959
46,47,#888888
46,48,#a1a1a1
46,49,#d7d7d7
46,50,#ececec
46,51,#f9f9f9
47,9,#e2e2e2
47,10,#878787
47,11,#424242
47,12,#3c3c3c
47,13,#505050
47,14,#797979
47,15,#585858
47,16,#383838
47,17,#484848
47,18,#616161
47,19,#8c8c8c
47,20,#b3b3b3
47,21,#c3c3c3
47,22,#b8b8b8
47,23,#b2b2b2
47,24,#b3b3b3
47,25,#b7b7b7
47,26,#b5b5b5
47,27,#adadad
47,28,#aaaaaa
47,29,#a4a4a4
47,30,#a1a1a1
47,31,#a2a2a2
47,32,#a4a4a4
47,33,#aaaaaa
47,34,#acacac
47,35,#aaaaaa
47,36,#acacac
47,37,#b2b2b2
47,38,#bebebe
47,39,#d6d6d6
47,40,#e4e4e4
47,41,#d1d1d1
47,42,#8e8e8e
47,43,#646464
47,44,#7b7b7b
47,45,#8c8c8c
47,46,#b9b9b9
47,47,#cfcfcf
47,48,#cfcfcf
47,49,#ececec
47,50,#f4f4f4
47,51,#fdfdfd
48,9,#f0f0f0
48,10,#9d9d9d
48,11,#585858
48,12,#b2b2b2
48,13,#9b9b9b
48,14,#616161
48,15,#515151
48,16,#3a3a3a
48,17,#3a3a3a
48,18,#434343
48,19,#404040
48,20,#626262
48,21,#777777
48,22,#616161
48,23,#575757
48,24,#636363
48,25,#818181
48,26,#8e8e8e
48,27,#929292
48,28,#a5a5a5
48,29,#a4a4a4
48,30,#9b9b9b
48,31,#a0a0a0
48,32,#999999
48,33,#919191
48,34,#919191
48,35,#949494
48,36,#adadad
48,37,#cacaca
48,38,#e3e3e3
48,39,#f8f8f8
48,40,#fefefe
48,41,#f8f8f8
48,42,#e6e6e6
48,43,#d8d8d8
48,44,#dedede
48,45,#eeeeee
48,46,#fafafa
48,47,#fcfcfc
48,48,#fbfbfb
48,49,#fefefe
48,50,#fefefe
49,10,#dddddd
49,11,#979797
49,12,#e6e6e6
49,13,#c9c9c9
49,14,#535353
49,15,#5d5d5d
49,16,#3d3d3d
49,17,#242424
49,18,#353535
49,19,#2c2c2c
49,20,#3c3c3c
49,21,#4f4f4f
49,22,#393939
49,23,#272727
49,24,#3e3e3e
49,25,#636363
49,26,#6d6d6d
49,27,#787878
49,28,#8d8d8d
49,29,#929292
49,30,#888888
49,31,#959595
49,32,#a9a9a9
49,33,#a9a9a9
49,34,#aaaaaa
49,35,#d0d0d0
49,36,#f7f7f7
49,37,#fdfdfd
50,11,#fcfcfc
50,12,#fefefe
50,13,#f4f4f4
50,14,#9c9c9c
50,15,#818181
50,16,#515151
50,17,#2d2d2d
50,18,#3e3e3e
50,19,#333333
50,20,#2d2d2d
50,21,#3b3b3b
50,22,#292929
50,23,#1f1f1f
50,24,#515151
50,25,#6c6c6c
50,26,#656565
50,27,#6a6a6a
50,28,#6f6f6f
50,29,#818181
50,30,#a6a6a6
50,31,#b5b5b5
50,32,#bebebe
50,33,#dfdfdf
50,34,#f9f9f9
50,35,#fefefe
51,14,#eaeaea
51,15,#dedede
51,16,#bbbbbb
51,17,#606060
51,18,#4e4e4e
51,19,#636363
51,20,#4b4b4b
51,21,#454545
51,22,#343434
51,23,#2f2f2f
51,24,#515151
51,25,#515151
51,26,#5a5a5a
51,27,#626262
51,28,#636363
51,29,#919191
51,30,#d3d3d3
51,31,#f5f5f5
51,32,#fefefe
52,15,#fcfcfc
52,16,#ececec
52,17,#a1a1a1
52,18,#969696
52,19,#626262
52,20,#515151
52,21,#646464
52,22,#555555
52,23,#2f2f2f
52,24,#313131
52,25,#4d4d4d
52,26,#8a8a8a
52,27,#bfbfbf
52,28,#dadada
52,29,#eeeeee
52,30,#fbfbfb
53,16,#fefefe
53,17,#f7f7f7
53,18,#f6f6f6
53,19,#f5f5f5
53,20,#c5c5c5
53,21,#707070
53,22,#535353
53,23,#676767
53,24,#7e7e7e
53,25,#919191
53,26,#bcbcbc
53,27,#eeeeee
54,20,#f6f6f6
54,21,#cacaca
54,22,#b7b7b7
54,23,#dbdbdb
54,24,#f2f2f2
54,25,#f9f9f9
54,26,#fdfdfd
55,21,#fefefe
55,22,#fefefe
55,23,#fefefe