x,y,red,green,blue,alpha
0,0,0,0,0,0
0,1,0,0,0,0
0,2,0,0,0,0
0,3,0,0,0,0
0,4,0,0,0,0
0,5,0,0,0,0
0,6,0,0,0,0
0,7,0,0,0,0
0,8,0,0,0,0
0,9,0,0,0,0
0,10,0,0,0,0
0,11,0,0,0,0
0,12,0,0,0,0
0,13,0,0,0,0
0,14,0,0,0,0
0,15,0,0,0,0
0,16,0,0,0,0
0,17,0,0,0,0
0,18,0,0,0,0
0,19,0,0,0,0
0,20,0,0,0,0
0,21,0,0,0,0
0,22,0,0,0,0
0,23,0,0,0,0
0,24,0,0,0,0
0,25,0,0,0,0
0,26,0,0,0,0
0,27,0,0,0,0
0,28,0,0,0,0
0,29,0,0,0,0
0,30,0,0,0,0
0,31,0,0,0,0
0,32,0,0,0,0
0,33,0,0,0,0
0,34,0,0,0,0
0,35,0,0,0,0
0,36,0,0,0,0
0,37,0,0,0,0
0,38,0,0,0,0
0,39,0,0,0,0
0,40,0,0,0,0
0,41,0,0,0,0
0,42,0,0,0,0
0,43,0,0,0,0
0,44,0,0,0,0
0,45,0,0,0,0
0,46,0,0,0,0
0,47,0,0,0,0
0,48,0,0,0,0
0,49,0,0,0,0
0,50,0,0,0,0
0,51,0,0,0,0
0,52,0,0,0,0
0,53,0,0,0,0
0,54,0,0,0,0
0,55,0,0,0,0
0,56,0,0,0,0
0,57,0,0,0,0
0,58,0,0,0,0
0,59,0,0,0,0
0,60,0,0,0,0
1,0,0,0,0,0
1,1,0,0,0,0
1,2,0,0,0,0
1,3,0,0,0,0
1,4,0,0,0,0
1,5,0,0,0,0
1,6,0,0,0,0
1,7,0,0,0,0
1,8,0,0,0,0
1,9,0,0,0,0
1,10,0,0,0,0
1,11,0,0,0,0
1,12,0,0,0,0
1,13,0,0,0,0
1,14,0,0,0,0
1,15,0,0,0,0
1,16,0,0,0,0
1,17,0,0,0,0
1,18,0,0,0,0
1,19,0,0,0,0
1,20,0,0,0,0
1,21,0,0,0,0
1,22,0,0,0,0
1,23,0,0,0,0
1,24,0,0,0,0
1,25,0,0,0,0
1,26,0,0,0,0
1,27,0,0,0,0
1,28,0,0,0,0
1,29,0,0,0,0
1,30,0,0,0,0
1,31,0,0,0,0
1,32,0,0,0,0
1,33,0,0,0,0
1,34,0,0,0,0
1,35,0,0,0,0
1,36,0,0,0,0
1,37,0,0,0,0
1,38,0,0,0,0
1,39,0,0,0,0
1,40,0,0,0,0
1,41,0,0,0,0
1,42,0,0,0,0
1,43,0,0,0,0
1,44,0,0,0,0
1,45,0,0,0,0
1,46,0,0,0,0
1,47,0,0,0,0
1,48,0,0,0,0
1,49,0,0,0,0
1,50,0,0,0,0
1,51,0,0,0,0
1,52,0,0,0,0
1,53,0,0,0,0
1,54,0,0,0,0
1,55,0,0,0,0
1,56,0,0,0,0
1,57,0,0,0,0
1,58,0,0,0,0
1,59,0,0,0,0
1,60,0,0,0,0
2,0,0,0,0,0
2,1,0,0,0,0
2,2,0,0,0,0
2,3,0,0,0,0
2,4,0,0,0,0
2,5,0,0,0,0
2,6,0,0,0,0
2,7,0,0,0,0
2,8,0,0,0,0
2,9,0,0,0,0
2,10,0,0,0,0
2,11,0,0,0,0
2,12,0,0,0,0
2,13,0,0,0,0
2,14,0,0,0,0
2,15,0,0,0,0
2,16,0,0,0,0
2,17,0,0,0,0
2,18,0,0,0,0
2,19,0,0,0,0
2,20,0,0,0,0
2,21,0,0,0,0
2,22,0,0,0,0
2,23,0,0,0,0
2,24,0,0,0,0
2,25,0,0,0,0
2,26,0,0,0,0
2,27,0,0,0,0
2,28,0,0,0,0
2,29,0,0,0,0
2,30,0,0,0,0
2,31,0,0,0,0
2,32,0,0,0,0
2,33,0,0,0,0
2,34,0,0,0,0
2,35,0,0,0,0
2,36,0,0,0,0
2,37,0,0,0,0
2,38,0,0,0,0
2,39,0,0,0,0
2,40,0,0,0,0
2,41,0,0,0,0
2,42,0,0,0,0
2,43,0,0,0,0
2,44,0,0,0,0
2,45,0,0,0,0
2,46,0,0,0,0
2,47,0,0,0,0
2,48,0,0,0,0
2,49,0,0,0,0
2,50,0,0,0,0
2,51,0,0,0,0
2,52,0,0,0,0
2,53,0,0,0,0
2,54,0,0,0,0
2,55,0,0,0,0
2,56,0,0,0,0
2,57,0,0,0,0
2,58,0,0,0,0
2,59,0,0,0,0
2,60,0,0,0,0
3,0,0,0,0,0
3,1,0,0,0,0
3,2,0,0,0,0
3,3,0,0,0,0
3,4,0,0,0,0
3,5,0,0,0,0
3,6,0,0,0,0
3,7,0,0,0,0
3,8,0,0,0,0
3,9,0,0,0,0
3,10,0,0,0,0
3,11,0,0,0,0
3,12,0,0,0,0
3,13,0,0,0,0
3,14,0,0,0,0
3,15,0,0,0,0
3,16,0,0,0,0
3,17,0,0,0,0
3,18,0,0,0,0
3,19,0,0,0,0
3,20,0,0,0,0
3,21,0,0,0,0
3,22,0,0,0,0
3,23,0,0,0,0
3,24,0,0,0,0
3,25,0,0,0,0
3,26,0,0,0,0
3,27,0,0,0,0
3,28,0,0,0,0
3,29,0,0,0,0
3,30,0,0,0,0
3,31,0,0,0,0
3,32,0,0,0,0
3,33,0,0,0,0
3,34,0,0,0,0
3,35,0,0,0,0
3,36,0,0,0,0
3,37,0,0,0,0
3,38,0,0,0,0
3,39,0,0,0,0
3,40,0,0,0,0
3,41,0,0,0,0
3,42,0,0,0,0
3,43,0,0,0,0
3,44,0,0,0,0
3,45,0,0,0,0
3,46,0,0,0,0
3,47,0,0,0,0
3,48,0,0,0,0
3,49,0,0,0,0
3,50,0,0,0,0
3,51,0,0,0,0
3,52,0,0,0,0
3,53,0,0,0,0
3,54,0,0,0,0
3,55,0,0,0,0
3,56,0,0,0,0
3,57,0,0,0,0
3,58,0,0,0,0
3,59,0,0,0,0
3,60,0,0,0,0
4,0,0,0,0,0
4,1,0,0,0,0
4,2,0,0,0,0
4,3,0,0,0,0
4,4,0,0,0,0
4,5,0,0,0,0
4,6,0,0,0,0
4,7,0,0,0,0
4,8,0,0,0,0
4,9,0,0,0,0
4,10,0,0,0,0
4,11,0,0,0,0
4,12,0,0,0,0
4,13,0,0,0,0
4,14,0,0,0,0
4,15,0,0,0,0
4,16,0,0,0,0
4,17,0,0,0,0
4,18,0,0,0,0
4,19,0,0,0,0
4,20,0,0,0,0
4,21,0,0,0,0
4,22,0,0,0,0
4,23,0,0,0,0
4,24,0,0,0,0
4,25,0,0,0,0
4,26,0,0,0,0
4,27,0,0,0,0
4,28,0,0,0,0
4,29,0,0,0,0
4,30,0,0,0,0
4,31,0,0,0,0
4,32,0,0,0,0
4,33,0,0,0,0
4,34,0,0,0,0
4,35,0,0,0,0
4,36,0,0,0,0
4,37,0,0,0,0
4,38,0,0,0,0
4,39,0,0,0,0
4,40,0,0,0,0
4,41,0,0,0,0
4,42,0,0,0,0
4,43,0,0,0,0
4,44,0,0,0,0
4,45,0,0,0,0
4,46,0,0,0,0
4,47,0,0,0,0
4,48,0,0,0,0
4,49,0,0,0,0
4,50,0,0,0,0
4,51,0,0,0,0
4,52,0,0,0,0
4,53,0,0,0,0
4,54,0,0,0,0
4,55,0,0,0,0
4,56,0,0,0,0
4,57,0,0,0,0
4,58,0,0,0,0
4,59,0,0,0,0
4,60,0,0,0,0
5,0,0,0,0,0
5,1,0,0,0,0
5,2,0,0,0,0
5,3,0,0,0,0
5,4,0,0,0,0
5,5,0,0,0,0
5,6,0,0,0,0
5,7,0,0,0,0
5,8,0,0,0,0
5,9,0,0,0,0
5,10,0,0,0,0
5,11,0,0,0,0
5,12,0,0,0,0
5,13,0,0,0,0
5,14,0,0,0,0
5,15,0,0,0,0
5,16,0,0,0,0
5,17,0,0,0,0
5,18,0,0,0,0
5,19,0,0,0,0
5,20,0,0,0,0
5,21,0,0,0,0
5,22,0,0,0,0
5,23,0,0,0,0
5,24,0,0,0,0
5,25,0,0,0,0
5,26,0,0,0,0
5,27,0,0,0,0
5,28,0,0,0,0
5,29,0,0,0,0
5,30,0,0,0,0
5,31,0,0,0,0
5,32,0,0,0,0
5,33,0,0,0,0
5,34,0,0,0,0
5,35,0,0,0,0
5,36,0,0,0,0
5,37,254,254,254,255
5,38,254,254,254,255
5,39,254,254,254,255
5,40,0,0,0,0
5,41,0,0,0,0
5,42,0,0,0,0
5,43,0,0,0,0
5,44,0,0,0,0
5,45,0,0,0,0
5,46,0,0,0,0
5,47,0,0,0,0
5,48,0,0,0,0
5,49,0,0,0,0
5,50,0,0,0,0
5,51,0,0,0,0
5,52,0,0,0,0
5,53,0,0,0,0
5,54,0,0,0,0
5,55,0,0,0,0
5,56,0,0,0,0
5,57,0,0,0,0
5,58,0,0,0,0
5,59,0,0,0,0
5,60,0,0,0,0
6,0,0,0,0,0
6,1,0,0,0,0
6,2,0,0,0,0
6,3,0,0,0,0
6,4,0,0,0,0
6,5,0,0,0,0
6,6,0,0,0,0
6,7,0,0,0,0
6,8,0,0,0,0
6,9,0,0,0,0
6,10,0,0,0,0
6,11,0,0,0,0
6,12,0,0,0,0
6,13,0,0,0,0
6,14,0,0,0,0
6,15,0,0,0,0
6,16,0,0,0,0
6,17,0,0,0,0
6,18,0,0,0,0
6,19,0,0,0,0
6,20,0,0,0,0
6,21,0,0,0,0
6,22,0,0,0,0
6,23,0,0,0,0
6,24,0,0,0,0
6,25,0,0,0,0
6,26,0,0,0,0
6,27,0,0,0,0
6,28,0,0,0,0
6,29,0,0,0,0
6,30,0,0,0,0
6,31,0,0,0,0
6,32,0,0,0,0
6,33,0,0,0,0
6,34,253,253,253,255
6,35,249,249,249,255
6,36,242,242,242,255
6,37,219,219,219,255
6,38,183,183,183,255
6,39,202,202,202,255
6,40,246,246,246,255
6,41,0,0,0,0
6,42,0,0,0,0
6,43,0,0,0,0
6,44,0,0,0,0
6,45,0,0,0,0
6,46,0,0,0,0
6,47,0,0,0,0
6,48,0,0,0,0
6,49,0,0,0,0
6,50,0,0,0,0
6,51,0,0,0,0
6,52,0,0,0,0
6,53,0,0,0,0
6,54,0,0,0,0
6,55,0,0,0,0
6,56,0,0,0,0
6,57,0,0,0,0
6,58,0,0,0,0
6,59,0,0,0,0
6,60,0,0,0,0
7,0,0,0,0,0
7,1,0,0,0,0
7,2,0,0,0,0
7,3,0,0,0,0
7,4,0,0,0,0
7,5,0,0,0,0
7,6,0,0,0,0
7,7,0,0,0,0
7,8,0,0,0,0
7,9,0,0,0,0
7,10,0,0,0,0
7,11,0,0,0,0
7,12,0,0,0,0
7,13,0,0,0,0
7,14,0,0,0,0
7,15,0,0,0,0
7,16,0,0,0,0
7,17,0,0,0,0
7,18,0,0,0,0
7,19,0,0,0,0
7,20,0,0,0,0
7,21,0,0,0,0
7,22,0,0,0,0
7,23,0,0,0,0
7,24,0,0,0,0
7,25,0,0,0,0
7,26,0,0,0,0
7,27,0,0,0,0
7,28,0,0,0,0
7,29,0,0,0,0
7,30,0,0,0,0
7,31,0,0,0,0
7,32,0,0,0,0
7,33,238,238,238,255
7,34,188,188,188,255
7,35,145,145,145,255
7,36,126,126,126,255
7,37,103,103,103,255
7,38,83,83,83,255
7,39,112,112,112,255
7,40,197,197,197,255
7,41,245,245,245,255
7,42,246,246,246,255
7,43,247,247,247,255
7,44,254,254,254,255
7,45,0,0,0,0
7,46,0,0,0,0
7,47,0,0,0,0
7,48,0,0,0,0
7,49,0,0,0,0
7,50,0,0,0,0
7,51,0,0,0,0
7,52,0,0,0,0
7,53,0,0,0,0
7,54,0,0,0,0
7,55,0,0,0,0
7,56,0,0,0,0
7,57,0,0,0,0
7,58,0,0,0,0
7,59,0,0,0,0
7,60,0,0,0,0
8,0,0,0,0,0
8,1,0,0,0,0
8,2,0,0,0,0
8,3,0,0,0,0
8,4,0,0,0,0
8,5,0,0,0,0
8,6,0,0,0,0
8,7,0,0,0,0
8,8,0,0,0,0
8,9,0,0,0,0
8,10,0,0,0,0
8,11,0,0,0,0
8,12,0,0,0,0
8,13,0,0,0,0
8,14,0,0,0,0
8,15,0,0,0,0
8,16,0,0,0,0
8,17,0,0,0,0
8,18,0,0,0,0
8,19,0,0,0,0
8,20,0,0,0,0
8,21,0,0,0,0
8,22,0,0,0,0
8,23,0,0,0,0
8,24,0,0,0,0
8,25,0,0,0,0
8,26,0,0,0,0
8,27,0,0,0,0
8,28,0,0,0,0
8,29,0,0,0,0
8,30,251,251,251,255
8,31,238,238,238,255
8,32,218,218,218,255
8,33,191,191,191,255
8,34,138,138,138,255
8,35,77,77,77,255
8,36,49,49,49,255
8,37,47,47,47,255
8,38,85,85,85,255
8,39,100,100,100,255
8,40,81,81,81,255
8,41,98,98,98,255
8,42,150,150,150,255
8,43,161,161,161,255
8,44,236,236,236,255
8,45,252,252,252,255
8,46,0,0,0,0
8,47,0,0,0,0
8,48,0,0,0,0
8,49,0,0,0,0
8,50,0,0,0,0
8,51,0,0,0,0
8,52,0,0,0,0
8,53,0,0,0,0
8,54,0,0,0,0
8,55,0,0,0,0
8,56,0,0,0,0
8,57,0,0,0,0
8,58,0,0,0,0
8,59,0,0,0,0
8,60,0,0,0,0
9,0,0,0,0,0
9,1,0,0,0,0
9,2,0,0,0,0
9,3,0,0,0,0
9,4,0,0,0,0
9,5,0,0,0,0
9,6,0,0,0,0
9,7,0,0,0,0
9,8,0,0,0,0
9,9,0,0,0,0
9,10,0,0,0,0
9,11,0,0,0,0
9,12,0,0,0,0
9,13,0,0,0,0
9,14,0,0,0,0
9,15,0,0,0,0
9,16,0,0,0,0
9,17,0,0,0,0
9,18,0,0,0,0
9,19,0,0,0,0
9,20,0,0,0,0
9,21,0,0,0,0
9,22,0,0,0,0
9,23,0,0,0,0
9,24,0,0,0,0
9,25,0,0,0,0
9,26,0,0,0,0
9,27,0,0,0,0
9,28,254,254,254,255
9,29,245,245,245,255
9,30,211,211,211,255
9,31,145,145,145,255
9,32,99,99,99,255
9,33,98,98,98,255
9,34,90,90,90,255
9,35,81,81,81,255
9,36,81,81,81,255
9,37,47,47,47,255
9,38,52,52,52,255
9,39,69,69,69,255
9,40,75,75,75,255
9,41,99,99,99,255
9,42,78,78,78,255
9,43,96,96,96,255
9,44,187,187,187,255
9,45,222,222,222,255
9,46,234,234,234,255
9,47,0,0,0,0
9,48,0,0,0,0
9,49,0,0,0,0
9,50,0,0,0,0
9,51,0,0,0,0
9,52,0,0,0,0
9,53,0,0,0,0
9,54,0,0,0,0
9,55,0,0,0,0
9,56,0,0,0,0
9,57,0,0,0,0
9,58,0,0,0,0
9,59,0,0,0,0
9,60,0,0,0,0
10,0,0,0,0,0
10,1,0,0,0,0
10,2,0,0,0,0
10,3,0,0,0,0
10,4,0,0,0,0
10,5,0,0,0,0
10,6,0,0,0,0
10,7,0,0,0,0
10,8,0,0,0,0
10,9,0,0,0,0
10,10,0,0,0,0
10,11,0,0,0,0
10,12,0,0,0,0
10,13,0,0,0,0
10,14,0,0,0,0
10,15,0,0,0,0
10,16,0,0,0,0
10,17,0,0,0,0
10,18,0,0,0,0
10,19,0,0,0,0
10,20,0,0,0,0
10,21,0,0,0,0
10,22,0,0,0,0
10,23,0,0,0,0
10,24,0,0,0,0
10,25,254,254,254,255
10,26,249,249,249,255
10,27,223,223,223,255
10,28,190,190,190,255
10,29,181,181,181,255
10,30,166,166,166,255
10,31,129,129,129,255
10,32,111,111,111,255
10,33,106,106,106,255
10,34,101,101,101,255
10,35,108,108,108,255
10,36,81,81,81,255
10,37,31,31,31,255
10,38,41,41,41,255
10,39,59,59,59,255
10,40,45,45,45,255
10,41,51,51,51,255
10,42,62,62,62,255
10,43,45,45,45,255
10,44,81,81,81,255
10,45,129,129,129,255
10,46,156,156,156,255
10,47,244,244,244,255
10,48,254,254,254,255
10,49,252,252,252,255
10,50,0,0,0,0
10,51,0,0,0,0
10,52,0,0,0,0
10,53,0,0,0,0
10,54,0,0,0,0
10,55,0,0,0,0
10,56,0,0,0,0
10,57,0,0,0,0
10,58,0,0,0,0
10,59,0,0,0,0
10,60,0,0,0,0
11,0,0,0,0,0
11,1,0,0,0,0
11,2,0,0,0,0
11,3,0,0,0,0
11,4,0,0,0,0
11,5,0,0,0,0
11,6,0,0,0,0
11,7,0,0,0,0
11,8,0,0,0,0
11,9,0,0,0,0
11,10,0,0,0,0
11,11,0,0,0,0
11,12,0,0,0,0
11,13,0,0,0,0
11,14,0,0,0,0
11,15,0,0,0,0
11,16,0,0,0,0
11,17,0,0,0,0
11,18,0,0,0,0
11,19,0,0,0,0
11,20,0,0,0,0
11,21,0,0,0,0
11,22,0,0,0,0
11,23,253,253,253,255
11,24,247,247,247,255
11,25,208,208,208,255
11,26,170,170,170,255
11,27,169,169,169,255
11,28,169,169,169,255
11,29,149,149,149,255
11,30,136,136,136,255
11,31,146,146,146,255
11,32,141,141,141,255
11,33,120,120,120,255
11,34,109,109,109,255
11,35,99,99,99,255
11,36,62,62,62,255
11,37,39,39,39,255
11,38,57,57,57,255
11,39,79,79,79,255
11,40,60,60,60,255
11,41,44,44,44,255
11,42,53,53,53,255
11,43,36,36,36,255
11,44,61,61,61,255
11,45,93,93,93,255
11,46,83,83,83,255
11,47,201,201,201,255
11,48,230,230,230,255
11,49,151,151,151,255
11,50,221,221,221,255
11,51,0,0,0,0
11,52,0,0,0,0
11,53,0,0,0,0
11,54,0,0,0,0
11,55,0,0,0,0
11,56,0,0,0,0
11,57,0,0,0,0
11,58,0,0,0,0
11,59,0,0,0,0
11,60,0,0,0,0
12,0,0,0,0,0
12,1,0,0,0,0
12,2,0,0,0,0
12,3,0,0,0,0
12,4,0,0,0,0
12,5,0,0,0,0
12,6,0,0,0,0
12,7,0,0,0,0
12,8,0,0,0,0
12,9,0,0,0,0
12,10,254,254,254,255
12,11,254,254,254,255
12,12,251,251,251,255
12,13,252,252,252,255
12,14,250,250,250,255
12,15,238,238,238,255
12,16,222,222,222,255
12,17,216,216,216,255
12,18,230,230,230,255
12,19,248,248,248,255
12,20,254,254,254,255
12,21,248,248,248,255
12,22,227,227,227,255
12,23,202,202,202,255
12,24,173,173,173,255
12,25,148,148,148,255
12,26,145,145,145,255
12,27,145,145,145,255
12,28,153,153,153,255
12,29,160,160,160,255
12,30,155,155,155,255
12,31,164,164,164,255
12,32,165,165,165,255
12,33,146,146,146,255
12,34,142,142,142,255
12,35,129,129,129,255
12,36,99,99,99,255
12,37,87,87,87,255
12,38,97,97,97,255
12,39,119,119,119,255
12,40,98,98,98,255
12,41,64,64,64,255
12,42,67,67,67,255
12,43,58,58,58,255
12,44,58,58,58,255
12,45,81,81,81,255
12,46,97,97,97,255
12,47,155,155,155,255
12,48,178,178,178,255
12,49,88,88,88,255
12,50,157,157,157,255
12,51,240,240,240,255
12,52,0,0,0,0
12,53,0,0,0,0
12,54,0,0,0,0
12,55,0,0,0,0
12,56,0,0,0,0
12,57,0,0,0,0
12,58,0,0,0,0
12,59,0,0,0,0
12,60,0,0,0,0
13,0,0,0,0,0
13,1,0,0,0,0
13,2,0,0,0,0
13,3,0,0,0,0
13,4,0,0,0,0
13,5,0,0,0,0
13,6,0,0,0,0
13,7,0,0,0,0
13,8,0,0,0,0
13,9,253,253,253,255
13,10,244,244,244,255
13,11,236,236,236,255
13,12,207,207,207,255
13,13,207,207,207,255
13,14,185,185,185,255
13,15,140,140,140,255
13,16,123,123,123,255
13,17,100,100,100,255
13,18,142,142,142,255
13,19,209,209,209,255
13,20,228,228,228,255
13,21,214,214,214,255
13,22,190,190,190,255
13,23,178,178,178,255
13,24,172,172,172,255
13,25,170,170,170,255
13,26,172,172,172,255
13,27,170,170,170,255
13,28,164,164,164,255
13,29,162,162,162,255
13,30,161,161,161,255
13,31,164,164,164,255
13,32,170,170,170,255
13,33,173,173,173,255
13,34,181,181,181,255
13,35,183,183,183,255
13,36,179,179,179,255
13,37,178,178,178,255
13,38,184,184,184,255
13,39,195,195,195,255
13,40,179,179,179,255
13,41,140,140,140,255
13,42,97,97,97,255
13,43,72,72,72,255
13,44,56,56,56,255
13,45,88,88,88,255
13,46,121,121,121,255
13,47,80,80,80,255
13,48,60,60,60,255
13,49,66,66,66,255
13,50,135,135,135,255
13,51,226,226,226,255
13,52,0,0,0,0
13,53,0,0,0,0
13,54,0,0,0,0
13,55,0,0,0,0
13,56,0,0,0,0
13,57,0,0,0,0
13,58,0,0,0,0
13,59,0,0,0,0
13,60,0,0,0,0
14,0,0,0,0,0
14,1,0,0,0,0
14,2,0,0,0,0
14,3,0,0,0,0
14,4,0,0,0,0
14,5,0,0,0,0
14,6,0,0,0,0
14,7,0,0,0,0
14,8,0,0,0,0
14,9,249,249,249,255
14,10,236,236,236,255
14,11,215,215,215,255
14,12,161,161,161,255
14,13,136,136,136,255
14,14,89,89,89,255
14,15,59,59,59,255
14,16,75,75,75,255
14,17,96,96,96,255
14,18,146,146,146,255
14,19,184,184,184,255
14,20,192,192,192,255
14,21,196,196,196,255
14,22,197,197,197,255
14,23,197,197,197,255
14,24,198,198,198,255
14,25,197,197,197,255
14,26,196,196,196,255
14,27,194,194,194,255
14,28,185,185,185,255
14,29,173,173,173,255
14,30,165,165,165,255
14,31,161,161,161,255
14,32,163,163,163,255
14,33,170,170,170,255
14,34,181,181,181,255
14,35,187,187,187,255
14,36,197,197,197,255
14,37,209,209,209,255
14,38,218,218,218,255
14,39,225,225,225,255
14,40,224,224,224,255
14,41,212,212,212,255
14,42,155,155,155,255
14,43,86,86,86,255
14,44,70,70,70,255
14,45,109,109,109,255
14,46,71,71,71,255
14,47,30,30,30,255
14,48,21,21,21,255
14,49,48,48,48,255
14,50,106,106,106,255
14,51,219,219,219,255
14,52,250,250,250,255
14,53,239,239,239,255
14,54,213,213,213,255
14,55,252,252,252,255
14,56,0,0,0,0
14,57,0,0,0,0
14,58,0,0,0,0
14,59,0,0,0,0
14,60,0,0,0,0
15,0,254,254,254,255
15,1,0,0,0,0
15,2,0,0,0,0
15,3,0,0,0,0
15,4,0,0,0,0
15,5,0,0,0,0
15,6,0,0,0,0
15,7,0,0,0,0
15,8,0,0,0,0
15,9,184,184,184,255
15,10,209,209,209,255
15,11,232,232,232,255
15,12,216,216,216,255
15,13,188,188,188,255
15,14,134,134,134,255
15,15,153,153,153,255
15,16,169,169,169,255
15,17,172,172,172,255
15,18,185,185,185,255
15,19,193,193,193,255
15,20,194,194,194,255
15,21,195,195,195,255
15,22,195,195,195,255
15,23,195,195,195,255
15,24,189,189,189,255
15,25,190,190,190,255
15,26,200,200,200,255
15,27,204,204,204,255
15,28,207,207,207,255
15,29,202,202,202,255
15,30,186,186,186,255
15,31,170,170,170,255
15,32,158,158,158,255
15,33,156,156,156,255
15,34,171,171,171,255
15,35,182,182,182,255
15,36,200,200,200,255
15,37,217,217,217,255
15,38,229,229,229,255
15,39,233,233,233,255
15,40,238,238,238,255
15,41,242,242,242,255
15,42,222,222,222,255
15,43,173,173,173,255
15,44,97,97,97,255
15,45,74,74,74,255
15,46,33,33,33,255
15,47,48,48,48,255
15,48,70,70,70,255
15,49,35,35,35,255
15,50,63,63,63,255
15,51,114,114,114,255
15,52,106,106,106,255
15,53,107,107,107,255
15,54,133,133,133,255
15,55,243,243,243,255
15,56,0,0,0,0
15,57,0,0,0,0
15,58,0,0,0,0
15,59,0,0,0,0
15,60,0,0,0,0
16,0,254,254,254,255
16,1,0,0,0,0
16,2,0,0,0,0
16,3,0,0,0,0
16,4,0,0,0,0
16,5,0,0,0,0
16,6,0,0,0,0
16,7,0,0,0,0
16,8,254,254,254,255
16,9,148,148,148,255
16,10,162,162,162,255
16,11,215,215,215,255
16,12,217,217,217,255
16,13,200,200,200,255
16,14,184,184,184,255
16,15,192,192,192,255
16,16,202,202,202,255
16,17,205,205,205,255
16,18,210,210,210,255
16,19,215,215,215,255
16,20,218,218,218,255
16,21,220,220,220,255
16,22,211,211,211,255
16,23,183,183,183,255
16,24,156,156,156,255
16,25,157,157,157,255
16,26,164,164,164,255
16,27,170,170,170,255
16,28,186,186,186,255
16,29,201,201,201,255
16,30,197,197,197,255
16,31,183,183,183,255
16,32,163,163,163,255
16,33,150,150,150,255
16,34,167,167,167,255
16,35,181,181,181,255
16,36,199,199,199,255
16,37,214,214,214,255
16,38,227,227,227,255
16,39,238,238,238,255
16,40,246,246,246,255
16,41,248,248,248,255
16,42,247,247,247,255
16,43,230,230,230,255
16,44,168,168,168,255
16,45,86,86,86,255
16,46,40,40,40,255
16,47,38,38,38,255
16,48,72,72,72,255
16,49,69,69,69,255
16,50,88,88,88,255
16,51,50,50,50,255
16,52,67,67,67,255
16,53,83,83,83,255
16,54,191,191,191,255
16,55,252,252,252,255
16,56,0,0,0,0
16,57,0,0,0,0
16,58,0,0,0,0
16,59,0,0,0,0
16,60,0,0,0,0
17,0,254,254,254,255
17,1,0,0,0,0
17,2,0,0,0,0
17,3,0,0,0,0
17,4,0,0,0,0
17,5,0,0,0,0
17,6,0,0,0,0
17,7,0,0,0,0
17,8,245,245,245,255
17,9,169,169,169,255
17,10,144,144,144,255
17,11,151,151,151,255
17,12,151,151,151,255
17,13,153,153,153,255
17,14,165,165,165,255
17,15,185,185,185,255
17,16,206,206,206,255
17,17,224,224,224,255
17,18,230,230,230,255
17,19,230,230,230,255
17,20,231,231,231,255
17,21,235,235,235,255
17,22,226,226,226,255
17,23,164,164,164,255
17,24,108,108,108,255
17,25,118,118,118,255
17,26,138,138,138,255
17,27,159,159,159,255
17,28,180,180,180,255
17,29,177,177,177,255
17,30,169,169,169,255
17,31,179,179,179,255
17,32,173,173,173,255
17,33,158,158,158,255
17,34,162,162,162,255
17,35,171,171,171,255
17,36,192,192,192,255
17,37,215,215,215,255
17,38,228,228,228,255
17,39,243,243,243,255
17,40,251,251,251,255
17,41,253,253,253,255
17,42,253,253,253,255
17,43,248,248,248,255
17,44,210,210,210,255
17,45,109,109,109,255
17,46,49,49,49,255
17,47,52,52,52,255
17,48,64,64,64,255
17,49,76,76,76,255
17,50,49,49,49,255
17,51,34,34,34,255
17,52,91,91,91,255
17,53,198,198,198,255
17,54,219,219,219,255
17,55,239,239,239,255
17,56,0,0,0,0
17,57,0,0,0,0
17,58,0,0,0,0
17,59,0,0,0,0
17,60,0,0,0,0
18,0,254,254,254,255
18,1,0,0,0,0
18,2,0,0,0,0
18,3,0,0,0,0
18,4,0,0,0,0
18,5,0,0,0,0
18,6,253,253,253,255
18,7,225,225,225,255
18,8,177,177,177,255
18,9,127,127,127,255
18,10,103,103,103,255
18,11,101,101,101,255
18,12,100,100,100,255
18,13,101,101,101,255
18,14,116,116,116,255
18,15,147,147,147,255
18,16,181,181,181,255
18,17,215,215,215,255
18,18,237,237,237,255
18,19,244,244,244,255
18,20,245,245,245,255
18,21,240,240,240,255
18,22,229,229,229,255
18,23,169,169,169,255
18,24,84,84,84,255
18,25,89,89,89,255
18,26,128,128,128,255
18,27,159,159,159,255
18,28,180,180,180,255
18,29,149,149,149,255
18,30,128,128,128,255
18,31,152,152,152,255
18,32,172,172,172,255
18,33,153,153,153,255
18,34,146,146,146,255
18,35,153,153,153,255
18,36,178,178,178,255
18,37,207,207,207,255
18,38,230,230,230,255
18,39,247,247,247,255
18,40,253,253,253,255
18,41,254,254,254,255
18,42,254,254,254,255
18,43,252,252,252,255
18,44,237,237,237,255
18,45,174,174,174,255
18,46,95,95,95,255
18,47,71,71,71,255
18,48,45,45,45,255
18,49,41,41,41,255
18,50,38,38,38,255
18,51,52,52,52,255
18,52,128,128,128,255
18,53,215,215,215,255
18,54,180,180,180,255
18,55,199,199,199,255
18,56,254,254,254,255
18,57,0,0,0,0
18,58,0,0,0,0
18,59,0,0,0,0
18,60,0,0,0,0
19,0,254,254,254,255
19,1,254,254,254,255
19,2,254,254,254,255
19,3,0,0,0,0
19,4,0,0,0,0
19,5,253,253,253,255
19,6,216,216,216,255
19,7,140,140,140,255
19,8,88,88,88,255
19,9,70,70,70,255
19,10,68,68,68,255
19,11,60,60,60,255
19,12,54,54,54,255
19,13,55,55,55,255
19,14,71,71,71,255
19,15,101,101,101,255
19,16,136,136,136,255
19,17,187,187,187,255
19,18,229,229,229,255
19,19,248,248,248,255
19,20,251,251,251,255
19,21,234,234,234,255
19,22,187,187,187,255
19,23,142,142,142,255
19,24,82,82,82,255
19,25,65,65,65,255
19,26,107,107,107,255
19,27,154,154,154,255
19,28,178,178,178,255
19,29,126,126,126,255
19,30,79,79,79,255
19,31,112,112,112,255
19,32,154,154,154,255
19,33,134,134,134,255
19,34,128,128,128,255
19,35,133,133,133,255
19,36,160,160,160,255
19,37,190,190,190,255
19,38,222,222,222,255
19,39,243,243,243,255
19,40,253,253,253,255
19,41,0,0,0,0
19,42,254,254,254,255
19,43,254,254,254,255
19,44,251,251,251,255
19,45,222,222,222,255
19,46,147,147,147,255
19,47,85,85,85,255
19,48,36,36,36,255
19,49,31,31,31,255
19,50,43,43,43,255
19,51,40,40,40,255
19,52,84,84,84,255
19,53,121,121,121,255
19,54,120,120,120,255
19,55,194,194,194,255
19,56,254,254,254,255
19,57,0,0,0,0
19,58,0,0,0,0
19,59,0,0,0,0
19,60,0,0,0,0
20,0,254,254,254,255
20,1,254,254,254,255
20,2,254,254,254,255
20,3,253,253,253,255
20,4,252,252,252,255
20,5,216,216,216,255
20,6,130,130,130,255
20,7,76,76,76,255
20,8,60,60,60,255
20,9,61,61,61,255
20,10,54,54,54,255
20,11,44,44,44,255
20,12,38,38,38,255
20,13,42,42,42,255
20,14,57,57,57,255
20,15,81,81,81,255
20,16,112,112,112,255
20,17,157,157,157,255
20,18,206,206,206,255
20,19,239,239,239,255
20,20,248,248,248,255
20,21,216,216,216,255
20,22,134,134,134,255
20,23,85,85,85,255
20,24,51,51,51,255
20,25,28,28,28,255
20,26,59,59,59,255
20,27,117,117,117,255
20,28,149,149,149,255
20,29,108,108,108,255
20,30,56,56,56,255
20,31,78,78,78,255
20,32,132,132,132,255
20,33,123,123,123,255
20,34,103,103,103,255
20,35,112,112,112,255
20,36,142,142,142,255
20,37,169,169,169,255
20,38,199,199,199,255
20,39,230,230,230,255
20,40,246,246,246,255
20,41,252,252,252,255
20,42,252,252,252,255
20,43,252,252,252,255
20,44,251,251,251,255
20,45,238,238,238,255
20,46,179,179,179,255
20,47,89,89,89,255
20,48,54,54,54,255
20,49,46,46,46,255
20,50,46,46,46,255
20,51,47,47,47,255
20,52,108,108,108,255
20,53,102,102,102,255
20,54,93,93,93,255
20,55,212,212,212,255
20,56,253,253,253,255
20,57,0,0,0,0
20,58,0,0,0,0
20,59,0,0,0,0
20,60,0,0,0,0
21,0,0,0,0,0
21,1,0,0,0,0
21,2,254,254,254,255
21,3,253,253,253,255
21,4,229,229,229,255
21,5,139,139,139,255
21,6,73,73,73,255
21,7,59,59,59,255
21,8,64,64,64,255
21,9,62,62,62,255
21,10,55,55,55,255
21,11,50,50,50,255
21,12,40,40,40,255
21,13,40,40,40,255
21,14,56,56,56,255
21,15,80,80,80,255
21,16,108,108,108,255
21,17,139,139,139,255
21,18,176,176,176,255
21,19,215,215,215,255
21,20,237,237,237,255
21,21,199,199,199,255
21,22,112,112,112,255
21,23,67,67,67,255
21,24,40,40,40,255
21,25,17,17,17,255
21,26,43,43,43,255
21,27,89,89,89,255
21,28,125,125,125,255
21,29,100,100,100,255
21,30,50,50,50,255
21,31,55,55,55,255
21,32,100,100,100,255
21,33,111,111,111,255
21,34,92,92,92,255
21,35,99,99,99,255
21,36,123,123,123,255
21,37,146,146,146,255
21,38,173,173,173,255
21,39,211,211,211,255
21,40,233,233,233,255
21,41,241,241,241,255
21,42,246,246,246,255
21,43,244,244,244,255
21,44,242,242,242,255
21,45,239,239,239,255
21,46,205,205,205,255
21,47,124,124,124,255
21,48,85,85,85,255
21,49,62,62,62,255
21,50,47,47,47,255
21,51,65,65,65,255
21,52,99,99,99,255
21,53,93,93,93,255
21,54,103,103,103,255
21,55,185,185,185,255
21,56,234,234,234,255
21,57,0,0,0,0
21,58,0,0,0,0
21,59,0,0,0,0
21,60,0,0,0,0
22,0,0,0,0,0
22,1,0,0,0,0
22,2,0,0,0,0
22,3,243,243,243,255
22,4,175,175,175,255
22,5,90,90,90,255
22,6,57,57,57,255
22,7,54,54,54,255
22,8,60,60,60,255
22,9,67,67,67,255
22,10,78,78,78,255
22,11,66,66,66,255
22,12,40,40,40,255
22,13,30,30,30,255
22,14,38,38,38,255
22,15,66,66,66,255
22,16,97,97,97,255
22,17,127,127,127,255
22,18,154,154,154,255
22,19,186,186,186,255
22,20,217,217,217,255
22,21,195,195,195,255
22,22,120,120,120,255
22,23,72,72,72,255
22,24,63,63,63,255
22,25,51,51,51,255
22,26,54,54,54,255
22,27,82,82,82,255
22,28,113,113,113,255
22,29,92,92,92,255
22,30,45,45,45,255
22,31,44,44,44,255
22,32,75,75,75,255
22,33,95,95,95,255
22,34,88,88,88,255
22,35,90,90,90,255
22,36,105,105,105,255
22,37,125,125,125,255
22,38,155,155,155,255
22,39,192,192,192,255
22,40,217,217,217,255
22,41,230,230,230,255
22,42,233,233,233,255
22,43,228,228,228,255
22,44,226,226,226,255
22,45,229,229,229,255
22,46,214,214,214,255
22,47,163,163,163,255
22,48,109,109,109,255
22,49,66,66,66,255
22,50,53,53,53,255
22,51,48,48,48,255
22,52,76,76,76,255
22,53,85,85,85,255
22,54,109,109,109,255
22,55,139,139,139,255
22,56,211,211,211,255
22,57,0,0,0,0
22,58,0,0,0,0
22,59,0,0,0,0
22,60,0,0,0,0
23,0,0,0,0,0
23,1,0,0,0,0
23,2,246,246,246,255
23,3,204,204,204,255
23,4,121,121,121,255
23,5,74,74,74,255
23,6,58,58,58,255
23,7,56,56,56,255
23,8,68,68,68,255
23,9,87,87,87,255
23,10,92,92,92,255
23,11,56,56,56,255
23,12,29,29,29,255
23,13,25,25,25,255
23,14,29,29,29,255
23,15,41,41,41,255
23,16,64,64,64,255
23,17,100,100,100,255
23,18,134,134,134,255
23,19,161,161,161,255
23,20,185,185,185,255
23,21,175,175,175,255
23,22,131,131,131,255
23,23,85,85,85,255
23,24,79,79,79,255
23,25,107,107,107,255
23,26,103,103,103,255
23,27,90,90,90,255
23,28,95,95,95,255
23,29,74,74,74,255
23,30,43,43,43,255
23,31,43,43,43,255
23,32,66,66,66,255
23,33,89,89,89,255
23,34,90,90,90,255
23,35,89,89,89,255
23,36,98,98,98,255
23,37,120,120,120,255
23,38,151,151,151,255
23,39,177,177,177,255
23,40,198,198,198,255
23,41,209,209,209,255
23,42,216,216,216,255
23,43,215,215,215,255
23,44,216,216,216,255
23,45,219,219,219,255
23,46,214,214,214,255
23,47,184,184,184,255
23,48,126,126,126,255
23,49,60,60,60,255
23,50,33,33,33,255
23,51,43,43,43,255
23,52,35,35,35,255
23,53,65,65,65,255
23,54,78,78,78,255
23,55,116,116,116,255
23,56,200,200,200,255
23,57,0,0,0,0
23,58,0,0,0,0
23,59,0,0,0,0
23,60,0,0,0,0
24,0,254,254,254,255
24,1,253,253,253,255
24,2,221,221,221,255
24,3,154,154,154,255
24,4,93,93,93,255
24,5,68,68,68,255
24,6,58,58,58,255
24,7,61,61,61,255
24,8,74,74,74,255
24,9,89,89,89,255
24,10,80,80,80,255
24,11,39,39,39,255
24,12,23,23,23,255
24,13,31,31,31,255
24,14,41,41,41,255
24,15,50,50,50,255
24,16,60,60,60,255
24,17,80,80,80,255
24,18,115,115,115,255
24,19,146,146,146,255
24,20,161,161,161,255
24,21,156,156,156,255
24,22,133,133,133,255
24,23,102,102,102,255
24,24,86,86,86,255
24,25,108,108,108,255
24,26,102,102,102,255
24,27,78,78,78,255
24,28,71,71,71,255
24,29,55,55,55,255
24,30,45,45,45,255
24,31,52,52,52,255
24,32,71,71,71,255
24,33,90,90,90,255
24,34,94,94,94,255
24,35,91,91,91,255
24,36,96,96,96,255
24,37,114,114,114,255
24,38,143,143,143,255
24,39,169,169,169,255
24,40,188,188,188,255
24,41,200,200,200,255
24,42,209,209,209,255
24,43,207,207,207,255
24,44,207,207,207,255
24,45,211,211,211,255
24,46,207,207,207,255
24,47,187,187,187,255
24,48,133,133,133,255
24,49,82,82,82,255
24,50,46,46,46,255
24,51,42,42,42,255
24,52,21,21,21,255
24,53,52,52,52,255
24,54,78,78,78,255
24,55,114,114,114,255
24,56,194,194,194,255
24,57,253,253,253,255
24,58,0,0,0,0
24,59,0,0,0,0
24,60,0,0,0,0
25,0,254,254,254,255
25,1,245,245,245,255
25,2,179,179,179,255
25,3,108,108,108,255
25,4,77,77,77,255
25,5,62,62,62,255
25,6,59,59,59,255
25,7,62,62,62,255
25,8,70,70,70,255
25,9,72,72,72,255
25,10,57,57,57,255
25,11,26,26,26,255
25,12,22,22,22,255
25,13,39,39,39,255
25,14,56,56,56,255
25,15,72,72,72,255
25,16,80,80,80,255
25,17,83,83,83,255
25,18,96,96,96,255
25,19,122,122,122,255
25,20,158,158,158,255
25,21,160,160,160,255
25,22,132,132,132,255
25,23,110,110,110,255
25,24,91,91,91,255
25,25,85,85,85,255
25,26,75,75,75,255
25,27,56,56,56,255
25,28,48,48,48,255
25,29,44,44,44,255
25,30,50,50,50,255
25,31,62,62,62,255
25,32,79,79,79,255
25,33,96,96,96,255
25,34,101,101,101,255
25,35,98,98,98,255
25,36,102,102,102,255
25,37,114,114,114,255
25,38,139,139,139,255
25,39,163,163,163,255
25,40,179,179,179,255
25,41,195,195,195,255
25,42,204,204,204,255
25,43,204,204,204,255
25,44,200,200,200,255
25,45,200,200,200,255
25,46,195,195,195,255
25,47,180,180,180,255
25,48,130,130,130,255
25,49,85,85,85,255
25,50,48,48,48,255
25,51,31,31,31,255
25,52,19,19,19,255
25,53,46,46,46,255
25,54,95,95,95,255
25,55,132,132,132,255
25,56,188,188,188,255
25,57,251,251,251,255
25,58,0,0,0,0
25,59,0,0,0,0
25,60,0,0,0,0
26,0,251,251,251,255
26,1,226,226,226,255
26,2,133,133,133,255
26,3,85,85,85,255
26,4,71,71,71,255
26,5,60,60,60,255
26,6,61,61,61,255
26,7,63,63,63,255
26,8,65,65,65,255
26,9,56,56,56,255
26,10,46,46,46,255
26,11,23,23,23,255
26,12,19,19,19,255
26,13,42,42,42,255
26,14,93,93,93,255
26,15,136,136,136,255
26,16,145,145,145,255
26,17,124,124,124,255
26,18,97,97,97,255
26,19,86,86,86,255
26,20,129,129,129,255
26,21,178,178,178,255
26,22,177,177,177,255
26,23,164,164,164,255
26,24,127,127,127,255
26,25,81,81,81,255
26,26,61,61,61,255
26,27,49,49,49,255
26,28,47,47,47,255
26,29,54,54,54,255
26,30,63,63,63,255
26,31,75,75,75,255
26,32,91,91,91,255
26,33,103,103,103,255
26,34,109,109,109,255
26,35,111,111,111,255
26,36,117,117,117,255
26,37,127,127,127,255
26,38,144,144,144,255
26,39,159,159,159,255
26,40,172,172,172,255
26,41,188,188,188,255
26,42,198,198,198,255
26,43,199,199,199,255
26,44,198,198,198,255
26,45,195,195,195,255
26,46,192,192,192,255
26,47,178,178,178,255
26,48,130,130,130,255
26,49,81,81,81,255
26,50,27,27,27,255
26,51,19,19,19,255
26,52,22,22,22,255
26,53,39,39,39,255
26,54,120,120,120,255
26,55,204,204,204,255
26,56,227,227,227,255
26,57,253,253,253,255
26,58,0,0,0,0
26,59,0,0,0,0
26,60,0,0,0,0
27,0,242,242,242,255
27,1,201,201,201,255
27,2,90,90,90,255
27,3,78,78,78,255
27,4,72,72,72,255
27,5,64,64,64,255
27,6,65,65,65,255
27,7,66,66,66,255
27,8,61,61,61,255
27,9,60,60,60,255
27,10,56,56,56,255
27,11,25,25,25,255
27,12,48,48,48,255
27,13,48,48,48,255
27,14,101,101,101,255
27,15,183,183,183,255
27,16,210,210,210,255
27,17,178,178,178,255
27,18,117,117,117,255
27,19,66,66,66,255
27,20,73,73,73,255
27,21,145,145,145,255
27,22,202,202,202,255
27,23,223,223,223,255
27,24,187,187,187,255
27,25,113,113,113,255
27,26,76,76,76,255
27,27,70,70,70,255
27,28,73,73,73,255
27,29,79,79,79,255
27,30,83,83,83,255
27,31,89,89,89,255
27,32,100,100,100,255
27,33,111,111,111,255
27,34,120,120,120,255
27,35,126,126,126,255
27,36,135,135,135,255
27,37,144,144,144,255
27,38,152,152,152,255
27,39,159,159,159,255
27,40,167,167,167,255
27,41,181,181,181,255
27,42,190,190,190,255
27,43,195,195,195,255
27,44,199,199,199,255
27,45,197,197,197,255
27,46,194,194,194,255
27,47,180,180,180,255
27,48,136,136,136,255
27,49,76,76,76,255
27,50,48,48,48,255
27,51,14,14,14,255
27,52,24,24,24,255
27,53,47,47,47,255
27,54,178,178,178,255
27,55,251,251,251,255
27,56,0,0,0,0
27,57,0,0,0,0
27,58,0,0,0,0
27,59,0,0,0,0
27,60,0,0,0,0
28,0,236,236,236,255
28,1,143,143,143,255
28,2,71,71,71,255
28,3,78,78,78,255
28,4,73,73,73,255
28,5,70,70,70,255
28,6,71,71,71,255
28,7,67,67,67,255
28,8,64,64,64,255
28,9,76,76,76,255
28,10,80,80,80,255
28,11,38,38,38,255
28,12,45,45,45,255
28,13,46,46,46,255
28,14,71,71,71,255
28,15,159,159,159,255
28,16,210,210,210,255
28,17,184,184,184,255
28,18,126,126,126,255
28,19,70,70,70,255
28,20,54,54,54,255
28,21,105,105,105,255
28,22,175,175,175,255
28,23,221,221,221,255
28,24,226,226,226,255
28,25,168,168,168,255
28,26,123,123,123,255
28,27,121,121,121,255
28,28,114,114,114,255
28,29,105,105,105,255
28,30,101,101,101,255
28,31,99,99,99,255
28,32,106,106,106,255
28,33,117,117,117,255
28,34,127,127,127,255
28,35,136,136,136,255
28,36,144,144,144,255
28,37,151,151,151,255
28,38,155,155,155,255
28,39,159,159,159,255
28,40,165,165,165,255
28,41,177,177,177,255
28,42,186,186,186,255
28,43,195,195,195,255
28,44,201,201,201,255
28,45,197,197,197,255
28,46,191,191,191,255
28,47,171,171,171,255
28,48,124,124,124,255
28,49,61,61,61,255
28,50,38,38,38,255
28,51,19,19,19,255
28,52,29,29,29,255
28,53,57,57,57,255
28,54,164,164,164,255
28,55,233,233,233,255
28,56,230,230,230,255
28,57,216,216,216,255
28,58,204,204,204,255
28,59,215,215,215,255
28,60,251,251,251,255
29,0,226,226,226,255
29,1,72,72,72,255
29,2,70,70,70,255
29,3,79,79,79,255
29,4,72,72,72,255
29,5,74,74,74,255
29,6,75,75,75,255
29,7,66,66,66,255
29,8,66,66,66,255
29,9,91,91,91,255
29,10,108,108,108,255
29,11,57,57,57,255
29,12,42,42,42,255
29,13,62,62,62,255
29,14,59,59,59,255
29,15,123,123,123,255
29,16,175,175,175,255
29,17,168,168,168,255
29,18,136,136,136,255
29,19,85,85,85,255
29,20,65,65,65,255
29,21,99,99,99,255
29,22,153,153,153,255
29,23,202,202,202,255
29,24,228,228,228,255
29,25,196,196,196,255
29,26,166,166,166,255
29,27,165,165,165,255
29,28,147,147,147,255
29,29,125,125,125,255
29,30,113,113,113,255
29,31,105,105,105,255
29,32,106,106,106,255
29,33,120,120,120,255
29,34,133,133,133,255
29,35,141,141,141,255
29,36,145,145,145,255
29,37,147,147,147,255
29,38,151,151,151,255
29,39,157,157,157,255
29,40,166,166,166,255
29,41,176,176,176,255
29,42,187,187,187,255
29,43,195,195,195,255
29,44,198,198,198,255
29,45,194,194,194,255
29,46,187,187,187,255
29,47,163,163,163,255
29,48,102,102,102,255
29,49,35,35,35,255
29,50,20,20,20,255
29,51,29,29,29,255
29,52,69,69,69,255
29,53,69,69,69,255
29,54,94,94,94,255
29,55,158,158,158,255
29,56,160,160,160,255
29,57,145,145,145,255
29,58,152,152,152,255
29,59,186,186,186,255
29,60,249,249,249,255
30,0,198,198,198,255
30,1,39,39,39,255
30,2,74,74,74,255
30,3,76,76,76,255
30,4,71,71,71,255
30,5,82,82,82,255
30,6,86,86,86,255
30,7,68,68,68,255
30,8,65,65,65,255
30,9,105,105,105,255
30,10,141,141,141,255
30,11,85,85,85,255
30,12,49,49,49,255
30,13,95,95,95,255
30,14,68,68,68,255
30,15,111,111,111,255
30,16,156,156,156,255
30,17,162,162,162,255
30,18,146,146,146,255
30,19,102,102,102,255
30,20,78,78,78,255
30,21,99,99,99,255
30,22,145,145,145,255
30,23,193,193,193,255
30,24,213,213,213,255
30,25,193,193,193,255
30,26,181,181,181,255
30,27,175,175,175,255
30,28,151,151,151,255
30,29,123,123,123,255
30,30,107,107,107,255
30,31,97,97,97,255
30,32,96,96,96,255
30,33,112,112,112,255
30,34,136,136,136,255
30,35,145,145,145,255
30,36,146,146,146,255
30,37,145,145,145,255
30,38,147,147,147,255
30,39,155,155,155,255
30,40,165,165,165,255
30,41,177,177,177,255
30,42,186,186,186,255
30,43,195,195,195,255
30,44,196,196,196,255
30,45,192,192,192,255
30,46,180,180,180,255
30,47,152,152,152,255
30,48,86,86,86,255
30,49,29,29,29,255
30,50,21,21,21,255
30,51,27,27,27,255
30,52,69,69,69,255
30,53,98,98,98,255
30,54,104,104,104,255
30,55,118,118,118,255
30,56,137,137,137,255
30,57,120,120,120,255
30,58,201,201,201,255
30,59,225,225,225,255
30,60,252,252,252,255
31,0,163,163,163,255
31,1,34,34,34,255
31,2,76,76,76,255
31,3,75,75,75,255
31,4,74,74,74,255
31,5,95,95,95,255
31,6,100,100,100,255
31,7,76,76,76,255
31,8,65,65,65,255
31,9,113,113,113,255
31,10,168,168,168,255
31,11,115,115,115,255
31,12,66,66,66,255
31,13,111,111,111,255
31,14,79,79,79,255
31,15,105,105,105,255
31,16,144,144,144,255
31,17,153,153,153,255
31,18,147,147,147,255
31,19,115,115,115,255
31,20,79,79,79,255
31,21,89,89,89,255
31,22,139,139,139,255
31,23,184,184,184,255
31,24,193,193,193,255
31,25,182,182,182,255
31,26,178,178,178,255
31,27,158,158,158,255
31,28,124,124,124,255
31,29,99,99,99,255
31,30,88,88,88,255
31,31,82,82,82,255
31,32,80,80,80,255
31,33,91,91,91,255
31,34,124,124,124,255
31,35,149,149,149,255
31,36,151,151,151,255
31,37,145,145,145,255
31,38,147,147,147,255
31,39,155,155,155,255
31,40,165,165,165,255
31,41,178,178,178,255
31,42,187,187,187,255
31,43,193,193,193,255
31,44,195,195,195,255
31,45,192,192,192,255
31,46,174,174,174,255
31,47,134,134,134,255
31,48,71,71,71,255
31,49,37,37,37,255
31,50,28,28,28,255
31,51,26,26,26,255
31,52,46,46,46,255
31,53,88,88,88,255
31,54,120,120,120,255
31,55,120,120,120,255
31,56,159,159,159,255
31,57,186,186,186,255
31,58,248,248,248,255
31,59,254,254,254,255
31,60,0,0,0,0
32,0,129,129,129,255
32,1,29,29,29,255
32,2,75,75,75,255
32,3,76,76,76,255
32,4,80,80,80,255
32,5,108,108,108,255
32,6,116,116,116,255
32,7,89,89,89,255
32,8,71,71,71,255
32,9,112,112,112,255
32,10,178,178,178,255
32,11,137,137,137,255
32,12,87,87,87,255
32,13,106,106,106,255
32,14,90,90,90,255
32,15,99,99,99,255
32,16,137,137,137,255
32,17,160,160,160,255
32,18,164,164,164,255
32,19,142,142,142,255
32,20,90,90,90,255
32,21,71,71,71,255
32,22,127,127,127,255
32,23,170,170,170,255
32,24,177,177,177,255
32,25,179,179,179,255
32,26,166,166,166,255
32,27,125,125,125,255
32,28,81,81,81,255
32,29,62,62,62,255
32,30,66,66,66,255
32,31,71,71,71,255
32,32,69,69,69,255
32,33,70,70,70,255
32,34,104,104,104,255
32,35,149,149,149,255
32,36,156,156,156,255
32,37,148,148,148,255
32,38,148,148,148,255
32,39,156,156,156,255
32,40,167,167,167,255
32,41,178,178,178,255
32,42,187,187,187,255
32,43,191,191,191,255
32,44,191,191,191,255
32,45,187,187,187,255
32,46,159,159,159,255
32,47,112,112,112,255
32,48,58,58,58,255
32,49,32,32,32,255
32,50,27,27,27,255
32,51,30,30,30,255
32,52,51,51,51,255
32,53,67,67,67,255
32,54,80,80,80,255
32,55,141,141,141,255
32,56,211,211,211,255
32,57,252,252,252,255
32,58,0,0,0,0
32,59,0,0,0,0
32,60,0,0,0,0
33,0,90,90,90,255
33,1,24,24,24,255
33,2,69,69,69,255
33,3,75,75,75,255
33,4,82,82,82,255
33,5,114,114,114,255
33,6,127,127,127,255
33,7,105,105,105,255
33,8,85,85,85,255
33,9,103,103,103,255
33,10,172,172,172,255
33,11,163,163,163,255
33,12,94,94,94,255
33,13,88,88,88,255
33,14,94,94,94,255
33,15,95,95,95,255
33,16,138,138,138,255
33,17,176,176,176,255
33,18,189,189,189,255
33,19,176,176,176,255
33,20,112,112,112,255
33,21,75,75,75,255
33,22,129,129,129,255
33,23,169,169,169,255
33,24,180,180,180,255
33,25,182,182,182,255
33,26,148,148,148,255
33,27,99,99,99,255
33,28,56,56,56,255
33,29,40,40,40,255
33,30,53,53,53,255
33,31,70,70,70,255
33,32,72,72,72,255
33,33,65,65,65,255
33,34,88,88,88,255
33,35,142,142,142,255
33,36,160,160,160,255
33,37,151,151,151,255
33,38,147,147,147,255
33,39,154,154,154,255
33,40,166,166,166,255
33,41,177,177,177,255
33,42,184,184,184,255
33,43,186,186,186,255
33,44,187,187,187,255
33,45,177,177,177,255
33,46,143,143,143,255
33,47,102,102,102,255
33,48,52,52,52,255
33,49,24,24,24,255
33,50,23,23,23,255
33,51,35,35,35,255
33,52,64,64,64,255
33,53,83,83,83,255
33,54,72,72,72,255
33,55,167,167,167,255
33,56,249,249,249,255
33,57,0,0,0,0
33,58,0,0,0,0
33,59,0,0,0,0
33,60,0,0,0,0
34,0,49,49,49,255
34,1,19,19,19,255
34,2,59,59,59,255
34,3,72,72,72,255
34,4,78,78,78,255
34,5,110,110,110,255
34,6,133,133,133,255
34,7,123,123,123,255
34,8,102,102,102,255
34,9,100,100,100,255
34,10,161,161,161,255
34,11,193,193,193,255
34,12,112,112,112,255
34,13,73,73,73,255
34,14,75,75,75,255
34,15,86,86,86,255
34,16,135,135,135,255
34,17,179,179,179,255
34,18,197,197,197,255
34,19,195,195,195,255
34,20,137,137,137,255
34,21,108,108,108,255
34,22,144,144,144,255
34,23,169,169,169,255
34,24,180,180,180,255
34,25,174,174,174,255
34,26,128,128,128,255
34,27,81,81,81,255
34,28,44,44,44,255
34,29,31,31,31,255
34,30,53,53,53,255
34,31,84,84,84,255
34,32,95,95,95,255
34,33,76,76,76,255
34,34,83,83,83,255
34,35,135,135,135,255
34,36,164,164,164,255
34,37,153,153,153,255
34,38,144,144,144,255
34,39,149,149,149,255
34,40,162,162,162,255
34,41,174,174,174,255
34,42,180,180,180,255
34,43,182,182,182,255
34,44,183,183,183,255
34,45,174,174,174,255
34,46,144,144,144,255
34,47,103,103,103,255
34,48,48,48,48,255
34,49,30,30,30,255
34,50,38,38,38,255
34,51,34,34,34,255
34,52,45,45,45,255
34,53,63,63,63,255
34,54,75,75,75,255
34,55,149,149,149,255
34,56,240,240,240,255
34,57,0,0,0,0
34,58,0,0,0,0
34,59,0,0,0,0
34,60,0,0,0,0
35,0,45,45,45,255
35,1,19,19,19,255
35,2,48,48,48,255
35,3,69,69,69,255
35,4,74,74,74,255
35,5,106,106,106,255
35,6,139,139,139,255
35,7,141,141,141,255
35,8,128,128,128,255
35,9,116,116,116,255
35,10,151,151,151,255
35,11,196,196,196,255
35,12,148,148,148,255
35,13,71,71,71,255
35,14,50,50,50,255
35,15,76,76,76,255
35,16,134,134,134,255
35,17,179,179,179,255
35,18,197,197,197,255
35,19,198,198,198,255
35,20,168,168,168,255
35,21,149,149,149,255
35,22,152,152,152,255
35,23,161,161,161,255
35,24,174,174,174,255
35,25,162,162,162,255
35,26,110,110,110,255
35,27,63,63,63,255
35,28,29,29,29,255
35,29,26,26,26,255
35,30,63,63,63,255
35,31,111,111,111,255
35,32,131,131,131,255
35,33,111,111,111,255
35,34,94,94,94,255
35,35,125,125,125,255
35,36,163,163,163,255
35,37,156,156,156,255
35,38,143,143,143,255
35,39,145,145,145,255
35,40,157,157,157,255
35,41,168,168,168,255
35,42,176,176,176,255
35,43,180,180,180,255
35,44,181,181,181,255
35,45,175,175,175,255
35,46,154,154,154,255
35,47,107,107,107,255
35,48,42,42,42,255
35,49,33,33,33,255
35,50,40,40,40,255
35,51,39,39,39,255
35,52,34,34,34,255
35,53,49,49,49,255
35,54,67,67,67,255
35,55,114,114,114,255
35,56,199,199,199,255
35,57,0,0,0,0
35,58,0,0,0,0
35,59,0,0,0,0
35,60,0,0,0,0
36,0,51,51,51,255
36,1,23,23,23,255
36,2,38,38,38,255
36,3,65,65,65,255
36,4,74,74,74,255
36,5,107,107,107,255
36,6,143,143,143,255
36,7,152,152,152,255
36,8,153,153,153,255
36,9,144,144,144,255
36,10,151,151,151,255
36,11,183,183,183,255
36,12,181,181,181,255
36,13,88,88,88,255
36,14,39,39,39,255
36,15,75,75,75,255
36,16,132,132,132,255
36,17,170,170,170,255
36,18,185,185,185,255
36,19,178,178,178,255
36,20,159,159,159,255
36,21,147,147,147,255
36,22,147,147,147,255
36,23,159,159,159,255
36,24,177,177,177,255
36,25,156,156,156,255
36,26,102,102,102,255
36,27,59,59,59,255
36,28,28,28,28,255
36,29,28,28,28,255
36,30,64,64,64,255
36,31,121,121,121,255
36,32,159,159,159,255
36,33,150,150,150,255
36,34,115,115,115,255
36,35,121,121,121,255
36,36,164,164,164,255
36,37,160,160,160,255
36,38,149,149,149,255
36,39,151,151,151,255
36,40,159,159,159,255
36,41,168,168,168,255
36,42,176,176,176,255
36,43,179,179,179,255
36,44,179,179,179,255
36,45,174,174,174,255
36,46,153,153,153,255
36,47,99,99,99,255
36,48,39,39,39,255
36,49,31,31,31,255
36,50,30,30,30,255
36,51,44,44,44,255
36,52,46,46,46,255
36,53,55,55,55,255
36,54,91,91,91,255
36,55,144,144,144,255
36,56,207,207,207,255
36,57,0,0,0,0
36,58,0,0,0,0
36,59,0,0,0,0
36,60,0,0,0,0
37,0,53,53,53,255
37,1,31,31,31,255
37,2,31,31,31,255
37,3,59,59,59,255
37,4,77,77,77,255
37,5,108,108,108,255
37,6,141,141,141,255
37,7,157,157,157,255
37,8,166,166,166,255
37,9,166,166,166,255
37,10,167,167,167,255
37,11,174,174,174,255
37,12,179,179,179,255
37,13,113,113,113,255
37,14,45,45,45,255
37,15,71,71,71,255
37,16,118,118,118,255
37,17,145,145,145,255
37,18,150,150,150,255
37,19,135,135,135,255
37,20,117,117,117,255
37,21,121,121,121,255
37,22,144,144,144,255
37,23,169,169,169,255
37,24,187,187,187,255
37,25,159,159,159,255
37,26,105,105,105,255
37,27,72,72,72,255
37,28,61,61,61,255
37,29,50,50,50,255
37,30,62,62,62,255
37,31,121,121,121,255
37,32,169,169,169,255
37,33,171,171,171,255
37,34,137,137,137,255
37,35,132,132,132,255
37,36,171,171,171,255
37,37,165,165,165,255
37,38,156,156,156,255
37,39,158,158,158,255
37,40,165,165,165,255
37,41,172,172,172,255
37,42,178,178,178,255
37,43,180,180,180,255
37,44,177,177,177,255
37,45,166,166,166,255
37,46,132,132,132,255
37,47,74,74,74,255
37,48,36,36,36,255
37,49,36,36,36,255
37,50,30,30,30,255
37,51,45,45,45,255
37,52,54,54,54,255
37,53,39,39,39,255
37,54,87,87,87,255
37,55,162,162,162,255
37,56,237,237,237,255
37,57,0,0,0,0
37,58,0,0,0,0
37,59,0,0,0,0
37,60,0,0,0,0
38,0,62,62,62,255
38,1,42,42,42,255
38,2,32,32,32,255
38,3,54,54,54,255
38,4,80,80,80,255
38,5,109,109,109,255
38,6,138,138,138,255
38,7,159,159,159,255
38,8,168,168,168,255
38,9,176,176,176,255
38,10,180,180,180,255
38,11,177,177,177,255
38,12,165,165,165,255
38,13,126,126,126,255
38,14,57,57,57,255
38,15,61,61,61,255
38,16,95,95,95,255
38,17,114,114,114,255
38,18,108,108,108,255
38,19,93,93,93,255
38,20,94,94,94,255
38,21,122,122,122,255
38,22,158,158,158,255
38,23,183,183,183,255
38,24,195,195,195,255
38,25,167,167,167,255
38,26,116,116,116,255
38,27,87,87,87,255
38,28,100,100,100,255
38,29,81,81,81,255
38,30,69,69,69,255
38,31,129,129,129,255
38,32,170,170,170,255
38,33,176,176,176,255
38,34,149,149,149,255
38,35,146,146,146,255
38,36,177,177,177,255
38,37,169,169,169,255
38,38,158,158,158,255
38,39,158,158,158,255
38,40,164,164,164,255
38,41,173,173,173,255
38,42,179,179,179,255
38,43,178,178,178,255
38,44,175,175,175,255
38,45,157,157,157,255
38,46,109,109,109,255
38,47,50,50,50,255
38,48,30,30,30,255
38,49,38,38,38,255
38,50,32,32,32,255
38,51,57,57,57,255
38,52,75,75,75,255
38,53,42,42,42,255
38,54,81,81,81,255
38,55,142,142,142,255
38,56,224,224,224,255
38,57,0,0,0,0
38,58,0,0,0,0
38,59,0,0,0,0
38,60,0,0,0,0
39,0,71,71,71,255
39,1,57,57,57,255
39,2,41,41,41,255
39,3,48,48,48,255
39,4,81,81,81,255
39,5,110,110,110,255
39,6,134,134,134,255
39,7,153,153,153,255
39,8,164,164,164,255
39,9,172,172,172,255
39,10,175,175,175,255
39,11,172,172,172,255
39,12,156,156,156,255
39,13,128,128,128,255
39,14,69,69,69,255
39,15,47,47,47,255
39,16,65,65,65,255
39,17,77,77,77,255
39,18,66,66,66,255
39,19,68,68,68,255
39,20,96,96,96,255
39,21,139,139,139,255
39,22,175,175,175,255
39,23,196,196,196,255
39,24,204,204,204,255
39,25,179,179,179,255
39,26,134,134,134,255
39,27,109,109,109,255
39,28,108,108,108,255
39,29,80,80,80,255
39,30,75,75,75,255
39,31,135,135,135,255
39,32,168,168,168,255
39,33,172,172,172,255
39,34,155,155,155,255
39,35,163,163,163,255
39,36,182,182,182,255
39,37,169,169,169,255
39,38,159,159,159,255
39,39,155,155,155,255
39,40,159,159,159,255
39,41,169,169,169,255
39,42,176,176,176,255
39,43,176,176,176,255
39,44,173,173,173,255
39,45,151,151,151,255
39,46,92,92,92,255
39,47,34,34,34,255
39,48,22,22,22,255
39,49,32,32,32,255
39,50,47,47,47,255
39,51,76,76,76,255
39,52,97,97,97,255
39,53,50,50,50,255
39,54,110,110,110,255
39,55,172,172,172,255
39,56,233,233,233,255
39,57,0,0,0,0
39,58,0,0,0,0
39,59,0,0,0,0
39,60,0,0,0,0
40,0,84,84,84,255
40,1,74,74,74,255
40,2,59,59,59,255
40,3,48,48,48,255
40,4,69,69,69,255
40,5,107,107,107,255
40,6,129,129,129,255
40,7,143,143,143,255
40,8,151,151,151,255
40,9,154,154,154,255
40,10,149,149,149,255
40,11,139,139,139,255
40,12,133,133,133,255
40,13,115,115,115,255
40,14,69,69,69,255
40,15,33,33,33,255
40,16,38,38,38,255
40,17,43,43,43,255
40,18,45,45,45,255
40,19,72,72,72,255
40,20,116,116,116,255
40,21,160,160,160,255
40,22,190,190,190,255
40,23,205,205,205,255
40,24,211,211,211,255
40,25,194,194,194,255
40,26,161,161,161,255
40,27,139,139,139,255
40,28,97,97,97,255
40,29,62,62,62,255
40,30,87,87,87,255
40,31,137,137,137,255
40,32,165,165,165,255
40,33,166,166,166,255
40,34,161,161,161,255
40,35,175,175,175,255
40,36,179,179,179,255
40,37,167,167,167,255
40,38,158,158,158,255
40,39,153,153,153,255
40,40,157,157,157,255
40,41,162,162,162,255
40,42,167,167,167,255
40,43,168,168,168,255
40,44,161,161,161,255
40,45,132,132,132,255
40,46,67,67,67,255
40,47,27,27,27,255
40,48,20,20,20,255
40,49,32,32,32,255
40,50,66,66,66,255
40,51,92,92,92,255
40,52,106,106,106,255
40,53,66,66,66,255
40,54,137,137,137,255
40,55,219,219,219,255
40,56,253,253,253,255
40,57,0,0,0,0
40,58,0,0,0,0
40,59,0,0,0,0
40,60,0,0,0,0
41,0,100,100,100,255
41,1,90,90,90,255
41,2,78,78,78,255
41,3,60,60,60,255
41,4,51,51,51,255
41,5,88,88,88,255
41,6,119,119,119,255
41,7,130,130,130,255
41,8,130,130,130,255
41,9,125,125,125,255
41,10,117,117,117,255
41,11,105,105,105,255
41,12,98,98,98,255
41,13,93,93,93,255
41,14,68,68,68,255
41,15,40,40,40,255
41,16,31,31,31,255
41,17,32,32,32,255
41,18,53,53,53,255
41,19,93,93,93,255
41,20,136,136,136,255
41,21,172,172,172,255
41,22,195,195,195,255
41,23,207,207,207,255
41,24,212,212,212,255
41,25,204,204,204,255
41,26,185,185,185,255
41,27,168,168,168,255
41,28,118,118,118,255
41,29,87,87,87,255
41,30,114,114,114,255
41,31,144,144,144,255
41,32,160,160,160,255
41,33,161,161,161,255
41,34,169,169,169,255
41,35,178,178,178,255
41,36,169,169,169,255
41,37,163,163,163,255
41,38,158,158,158,255
41,39,154,154,154,255
41,40,155,155,155,255
41,41,153,153,153,255
41,42,145,145,145,255
41,43,135,135,135,255
41,44,115,115,115,255
41,45,80,80,80,255
41,46,32,32,32,255
41,47,22,22,22,255
41,48,25,25,25,255
41,49,39,39,39,255
41,50,66,66,66,255
41,51,101,101,101,255
41,52,109,109,109,255
41,53,125,125,125,255
41,54,180,180,180,255
41,55,241,241,241,255
41,56,0,0,0,0
41,57,0,0,0,0
41,58,0,0,0,0
41,59,0,0,0,0
41,60,0,0,0,0
42,0,116,116,116,255
42,1,105,105,105,255
42,2,95,95,95,255
42,3,76,76,76,255
42,4,56,56,56,255
42,5,65,65,65,255
42,6,97,97,97,255
42,7,112,112,112,255
42,8,110,110,110,255
42,9,103,103,103,255
42,10,96,96,96,255
42,11,93,93,93,255
42,12,90,90,90,255
42,13,91,91,91,255
42,14,88,88,88,255
42,15,70,70,70,255
42,16,47,47,47,255
42,17,47,47,47,255
42,18,74,74,74,255
42,19,109,109,109,255
42,20,143,143,143,255
42,21,174,174,174,255
42,22,195,195,195,255
42,23,206,206,206,255
42,24,209,209,209,255
42,25,203,203,203,255
42,26,193,193,193,255
42,27,184,184,184,255
42,28,148,148,148,255
42,29,123,123,123,255
42,30,138,138,138,255
42,31,154,154,154,255
42,32,161,161,161,255
42,33,166,166,166,255
42,34,174,174,174,255
42,35,169,169,169,255
42,36,160,160,160,255
42,37,160,160,160,255
42,38,156,156,156,255
42,39,143,143,143,255
42,40,126,126,126,255
42,41,110,110,110,255
42,42,92,92,92,255
42,43,70,70,70,255
42,44,54,54,54,255
42,45,43,43,43,255
42,46,23,23,23,255
42,47,20,20,20,255
42,48,23,23,23,255
42,49,38,38,38,255
42,50,66,66,66,255
42,51,127,127,127,255
42,52,128,128,128,255
42,53,186,186,186,255
42,54,241,241,241,255
42,55,253,253,253,255
42,56,0,0,0,0
42,57,0,0,0,0
42,58,0,0,0,0
42,59,0,0,0,0
42,60,0,0,0,0
43,0,123,123,123,255
43,1,117,117,117,255
43,2,110,110,110,255
43,3,95,95,95,255
43,4,77,77,77,255
43,5,65,65,65,255
43,6,81,81,81,255
43,7,102,102,102,255
43,8,102,102,102,255
43,9,95,95,95,255
43,10,89,89,89,255
43,11,90,90,90,255
43,12,96,96,96,255
43,13,106,106,106,255
43,14,108,108,108,255
43,15,96,96,96,255
43,16,78,78,78,255
43,17,73,73,73,255
43,18,88,88,88,255
43,19,112,112,112,255
43,20,140,140,140,255
43,21,169,169,169,255
43,22,191,191,191,255
43,23,203,203,203,255
43,24,204,204,204,255
43,25,196,196,196,255
43,26,190,190,190,255
43,27,187,187,187,255
43,28,173,173,173,255
43,29,159,159,159,255
43,30,161,161,161,255
43,31,168,168,168,255
43,32,173,173,173,255
43,33,175,175,175,255
43,34,172,172,172,255
43,35,161,161,161,255
43,36,152,152,152,255
43,37,144,144,144,255
43,38,126,126,126,255
43,39,103,103,103,255
43,40,76,76,76,255
43,41,52,52,52,255
43,42,43,43,43,255
43,43,28,28,28,255
43,44,29,29,29,255
43,45,45,45,45,255
43,46,26,26,26,255
43,47,25,25,25,255
43,48,30,30,30,255
43,49,54,54,54,255
43,50,101,101,101,255
43,51,146,146,146,255
43,52,163,163,163,255
43,53,218,218,218,255
43,54,253,253,253,255
43,55,0,0,0,0
43,56,0,0,0,0
43,57,0,0,0,0
43,58,0,0,0,0
43,59,0,0,0,0
43,60,0,0,0,0
44,0,115,115,115,255
44,1,118,118,118,255
44,2,118,118,118,255
44,3,109,109,109,255
44,4,99,99,99,255
44,5,85,85,85,255
44,6,82,82,82,255
44,7,101,101,101,255
44,8,112,112,112,255
44,9,103,103,103,255
44,10,93,93,93,255
44,11,93,93,93,255
44,12,101,101,101,255
44,13,109,109,109,255
44,14,109,109,109,255
44,15,103,103,103,255
44,16,92,92,92,255
44,17,83,83,83,255
44,18,89,89,89,255
44,19,108,108,108,255
44,20,131,131,131,255
44,21,159,159,159,255
44,22,182,182,182,255
44,23,193,193,193,255
44,24,193,193,193,255
44,25,186,186,186,255
44,26,184,184,184,255
44,27,184,184,184,255
44,28,179,179,179,255
44,29,175,175,175,255
44,30,176,176,176,255
44,31,178,178,178,255
44,32,178,178,178,255
44,33,174,174,174,255
44,34,163,163,163,255
44,35,148,148,148,255
44,36,130,130,130,255
44,37,109,109,109,255
44,38,85,85,85,255
44,39,72,72,72,255
44,40,56,56,56,255
44,41,39,39,39,255
44,42,34,34,34,255
44,43,28,28,28,255
44,44,31,31,31,255
44,45,56,56,56,255
44,46,31,31,31,255
44,47,38,38,38,255
44,48,67,67,67,255
44,49,90,90,90,255
44,50,167,167,167,255
44,51,185,185,185,255
44,52,184,184,184,255
44,53,232,232,232,255
44,54,253,253,253,255
44,55,0,0,0,0
44,56,0,0,0,0
44,57,0,0,0,0
44,58,0,0,0,0
44,59,0,0,0,0
44,60,0,0,0,0
45,0,100,100,100,255
45,1,118,118,118,255
45,2,127,127,127,255
45,3,127,127,127,255
45,4,127,127,127,255
45,5,123,123,123,255
45,6,109,109,109,255
45,7,106,106,106,255
45,8,122,122,122,255
45,9,122,122,122,255
45,10,110,110,110,255
45,11,101,101,101,255
45,12,99,99,99,255
45,13,102,102,102,255
45,14,101,101,101,255
45,15,95,95,95,255
45,16,87,87,87,255
45,17,81,81,81,255
45,18,88,88,88,255
45,19,106,106,106,255
45,20,126,126,126,255
45,21,148,148,148,255
45,22,168,168,168,255
45,23,177,177,177,255
45,24,177,177,177,255
45,25,175,175,175,255
45,26,175,175,175,255
45,27,173,173,173,255
45,28,170,170,170,255
45,29,170,170,170,255
45,30,174,174,174,255
45,31,175,175,175,255
45,32,171,171,171,255
45,33,161,161,161,255
45,34,142,142,142,255
45,35,121,121,121,255
45,36,101,101,101,255
45,37,83,83,83,255
45,38,70,70,70,255
45,39,61,61,61,255
45,40,48,48,48,255
45,41,36,36,36,255
45,42,36,36,36,255
45,43,28,28,28,255
45,44,29,29,29,255
45,45,52,52,52,255
45,46,45,45,45,255
45,47,49,49,49,255
45,48,106,106,106,255
45,49,103,103,103,255
45,50,211,211,211,255
45,51,254,254,254,255
45,52,0,0,0,0
45,53,0,0,0,0
45,54,0,0,0,0
45,55,0,0,0,0
45,56,0,0,0,0
45,57,0,0,0,0
45,58,0,0,0,0
45,59,0,0,0,0
45,60,0,0,0,0
46,0,74,74,74,255
46,1,134,134,134,255
46,2,163,163,163,255
46,3,175,175,175,255
46,4,190,190,190,255
46,5,197,197,197,255
46,6,177,177,177,255
46,7,156,156,156,255
46,8,152,152,152,255
46,9,149,149,149,255
46,10,142,142,142,255
46,11,128,128,128,255
46,12,113,113,113,255
46,13,105,105,105,255
46,14,102,102,102,255
46,15,98,98,98,255
46,16,93,93,93,255
46,17,91,91,91,255
46,18,97,97,97,255
46,19,111,111,111,255
46,20,127,127,127,255
46,21,145,145,145,255
46,22,156,156,156,255
46,23,161,161,161,255
46,24,163,163,163,255
46,25,163,163,163,255
46,26,161,161,161,255
46,27,162,162,162,255
46,28,166,166,166,255
46,29,170,170,170,255
46,30,168,168,168,255
46,31,158,158,158,255
46,32,142,142,142,255
46,33,121,121,121,255
46,34,96,96,96,255
46,35,81,81,81,255
46,36,73,73,73,255
46,37,66,66,66,255
46,38,57,57,57,255
46,39,50,50,50,255
46,40,47,47,47,255
46,41,40,40,40,255
46,42,38,38,38,255
46,43,28,28,28,255
46,44,28,28,28,255
46,45,47,47,47,255
46,46,58,58,58,255
46,47,61,61,61,255
46,48,119,119,119,255
46,49,146,146,146,255
46,50,251,251,251,255
46,51,0,0,0,0
46,52,0,0,0,0
46,53,0,0,0,0
46,54,0,0,0,0
46,55,0,0,0,0
46,56,0,0,0,0
46,57,0,0,0,0
46,58,0,0,0,0
46,59,0,0,0,0
46,60,0,0,0,0
47,0,73,73,73,255
47,1,145,145,145,255
47,2,175,175,175,255
47,3,205,205,205,255
47,4,235,235,235,255
47,5,248,248,248,255
47,6,245,245,245,255
47,7,240,240,240,255
47,8,236,236,236,255
47,9,209,209,209,255
47,10,195,195,195,255
47,11,187,187,187,255
47,12,172,172,172,255
47,13,151,151,151,255
47,14,132,132,132,255
47,15,120,120,120,255
47,16,113,113,113,255
47,17,110,110,110,255
47,18,115,115,115,255
47,19,126,126,126,255
47,20,139,139,139,255
47,21,149,149,149,255
47,22,154,154,154,255
47,23,157,157,157,255
47,24,159,159,159,255
47,25,157,157,157,255
47,26,156,156,156,255
47,27,159,159,159,255
47,28,159,159,159,255
47,29,149,149,149,255
47,30,136,136,136,255
47,31,118,118,118,255
47,32,90,90,90,255
47,33,67,67,67,255
47,34,60,60,60,255
47,35,60,60,60,255
47,36,58,58,58,255
47,37,56,56,56,255
47,38,56,56,56,255
47,39,51,51,51,255
47,40,51,51,51,255
47,41,47,47,47,255
47,42,40,40,40,255
47,43,32,32,32,255
47,44,35,35,35,255
47,45,63,63,63,255
47,46,62,62,62,255
47,47,95,95,95,255
47,48,146,146,146,255
47,49,224,224,224,255
47,50,0,0,0,0
47,51,0,0,0,0
47,52,0,0,0,0
47,53,0,0,0,0
47,54,0,0,0,0
47,55,0,0,0,0
47,56,0,0,0,0
47,57,0,0,0,0
47,58,0,0,0,0
47,59,0,0,0,0
47,60,0,0,0,0
48,0,134,134,134,255
48,1,163,163,163,255
48,2,177,177,177,255
48,3,215,215,215,255
48,4,244,244,244,255
48,5,253,253,253,255
48,6,254,254,254,255
48,7,0,0,0,0
48,8,0,0,0,0
48,9,0,0,0,0
48,10,0,0,0,0
48,11,0,0,0,0
48,12,0,0,0,0
48,13,234,234,234,255
48,14,204,204,204,255
48,15,180,180,180,255
48,16,150,150,150,255
48,17,129,129,129,255
48,18,133,133,133,255
48,19,141,141,141,255
48,20,146,146,146,255
48,21,153,153,153,255
48,22,156,156,156,255
48,23,153,153,153,255
48,24,149,149,149,255
48,25,150,150,150,255
48,26,154,154,154,255
48,27,157,157,157,255
48,28,135,135,135,255
48,29,104,104,104,255
48,30,89,89,89,255
48,31,80,80,80,255
48,32,71,71,71,255
48,33,64,64,64,255
48,34,70,70,70,255
48,35,72,72,72,255
48,36,75,75,75,255
48,37,80,80,80,255
48,38,76,76,76,255
48,39,66,66,66,255
48,40,71,71,71,255
48,41,79,79,79,255
48,42,71,71,71,255
48,43,56,56,56,255
48,44,55,55,55,255
48,45,80,80,80,255
48,46,75,75,75,255
48,47,143,143,143,255
48,48,222,222,222,255
48,49,0,0,0,0
48,50,0,0,0,0
48,51,0,0,0,0
48,52,0,0,0,0
48,53,0,0,0,0
48,54,0,0,0,0
48,55,0,0,0,0
48,56,0,0,0,0
48,57,0,0,0,0
48,58,0,0,0,0
48,59,0,0,0,0
48,60,0,0,0,0
49,0,222,222,222,255
49,1,231,231,231,255
49,2,238,238,238,255
49,3,244,244,244,255
49,4,251,251,251,255
49,5,254,254,254,255
49,6,0,0,0,0
49,7,0,0,0,0
49,8,0,0,0,0
49,9,0,0,0,0
49,10,0,0,0,0
49,11,0,0,0,0
49,12,0,0,0,0
49,13,0,0,0,0
49,14,0,0,0,0
49,15,0,0,0,0
49,16,177,177,177,255
49,17,127,127,127,255
49,18,140,140,140,255
49,19,141,141,141,255
49,20,132,132,132,255
49,21,135,135,135,255
49,22,136,136,136,255
49,23,120,120,120,255
49,24,113,113,113,255
49,25,117,117,117,255
49,26,130,130,130,255
49,27,159,159,159,255
49,28,156,156,156,255
49,29,129,129,129,255
49,30,115,115,115,255
49,31,109,109,109,255
49,32,110,110,110,255
49,33,121,121,121,255
49,34,130,130,130,255
49,35,140,140,140,255
49,36,156,156,156,255
49,37,163,163,163,255
49,38,151,151,151,255
49,39,140,140,140,255
49,40,159,159,159,255
49,41,183,183,183,255
49,42,178,178,178,255
49,43,157,157,157,255
49,44,148,148,148,255
49,45,174,174,174,255
49,46,162,162,162,255
49,47,228,228,228,255
49,48,0,0,0,0
49,49,0,0,0,0
49,50,0,0,0,0
49,51,0,0,0,0
49,52,0,0,0,0
49,53,0,0,0,0
49,54,0,0,0,0
49,55,0,0,0,0
49,56,0,0,0,0
49,57,0,0,0,0
49,58,0,0,0,0
49,59,0,0,0,0
49,60,0,0,0,0
50,0,236,236,236,255
50,1,244,244,244,255
50,2,242,242,242,255
50,3,246,246,246,255
50,4,252,252,252,255
50,5,254,254,254,255
50,6,0,0,0,0
50,7,0,0,0,0
50,8,0,0,0,0
50,9,0,0,0,0
50,10,0,0,0,0
50,11,0,0,0,0
50,12,0,0,0,0
50,13,0,0,0,0
50,14,0,0,0,0
50,15,0,0,0,0
50,16,158,158,158,255
50,17,123,123,123,255
50,18,159,159,159,255
50,19,162,162,162,255
50,20,143,143,143,255
50,21,113,113,113,255
50,22,86,86,86,255
50,23,65,65,65,255
50,24,91,91,91,255
50,25,96,96,96,255
50,26,91,91,91,255
50,27,158,158,158,255
50,28,203,203,203,255
50,29,206,206,206,255
50,30,203,203,203,255
50,31,205,205,205,255
50,32,210,210,210,255
50,33,215,215,215,255
50,34,223,223,223,255
50,35,234,234,234,255
50,36,243,243,243,255
50,37,245,245,245,255
50,38,237,237,237,255
50,39,233,233,233,255
50,40,246,246,246,255
50,41,0,0,0,0
50,42,254,254,254,255
50,43,251,251,251,255
50,44,244,244,244,255
50,45,251,251,251,255
50,46,244,244,244,255
50,47,253,253,253,255
50,48,0,0,0,0
50,49,0,0,0,0
50,50,0,0,0,0
50,51,0,0,0,0
50,52,0,0,0,0
50,53,0,0,0,0
50,54,0,0,0,0
50,55,0,0,0,0
50,56,0,0,0,0
50,57,0,0,0,0
50,58,0,0,0,0
50,59,0,0,0,0
50,60,0,0,0,0
51,0,239,239,239,255
51,1,253,253,253,255
51,2,252,252,252,255
51,3,252,252,252,255
51,4,254,254,254,255
51,5,0,0,0,0
51,6,0,0,0,0
51,7,0,0,0,0
51,8,0,0,0,0
51,9,0,0,0,0
51,10,0,0,0,0
51,11,0,0,0,0
51,12,0,0,0,0
51,13,0,0,0,0
51,14,0,0,0,0
51,15,0,0,0,0
51,16,195,195,195,255
51,17,150,150,150,255
51,18,162,162,162,255
51,19,169,169,169,255
51,20,156,156,156,255
51,21,103,103,103,255
51,22,69,69,69,255
51,23,79,79,79,255
51,24,118,118,118,255
51,25,96,96,96,255
51,26,79,79,79,255
51,27,164,164,164,255
51,28,235,235,235,255
51,29,254,254,254,255
51,30,253,253,253,255
51,31,254,254,254,255
51,32,0,0,0,0
51,33,0,0,0,0
51,34,0,0,0,0
51,35,0,0,0,0
51,36,0,0,0,0
51,37,0,0,0,0
51,38,254,254,254,255
51,39,254,254,254,255
51,40,0,0,0,0
51,41,0,0,0,0
51,42,0,0,0,0
51,43,0,0,0,0
51,44,0,0,0,0
51,45,0,0,0,0
51,46,0,0,0,0
51,47,0,0,0,0
51,48,0,0,0,0
51,49,0,0,0,0
51,50,0,0,0,0
51,51,0,0,0,0
51,52,0,0,0,0
51,53,0,0,0,0
51,54,0,0,0,0
51,55,0,0,0,0
51,56,0,0,0,0
51,57,0,0,0,0
51,58,0,0,0,0
51,59,0,0,0,0
51,60,0,0,0,0
52,0,245,245,245,255
52,1,254,254,254,255
52,2,254,254,254,255
52,3,254,254,254,255
52,4,0,0,0,0
52,5,0,0,0,0
52,6,0,0,0,0
52,7,0,0,0,0
52,8,0,0,0,0
52,9,0,0,0,0
52,10,0,0,0,0
52,11,0,0,0,0
52,12,0,0,0,0
52,13,0,0,0,0
52,14,0,0,0,0
52,15,0,0,0,0
52,16,249,249,249,255
52,17,203,203,203,255
52,18,171,171,171,255
52,19,157,157,157,255
52,20,146,146,146,255
52,21,124,124,124,255
52,22,114,114,114,255
52,23,132,132,132,255
52,24,125,125,125,255
52,25,90,90,90,255
52,26,118,118,118,255
52,27,196,196,196,255
52,28,245,245,245,255
52,29,0,0,0,0
52,30,0,0,0,0
52,31,0,0,0,0
52,32,0,0,0,0
52,33,0,0,0,0
52,34,0,0,0,0
52,35,0,0,0,0
52,36,0,0,0,0
52,37,0,0,0,0
52,38,0,0,0,0
52,39,0,0,0,0
52,40,0,0,0,0
52,41,0,0,0,0
52,42,0,0,0,0
52,43,0,0,0,0
52,44,0,0,0,0
52,45,0,0,0,0
52,46,0,0,0,0
52,47,0,0,0,0
52,48,0,0,0,0
52,49,0,0,0,0
52,50,0,0,0,0
52,51,0,0,0,0
52,52,0,0,0,0
52,53,0,0,0,0
52,54,0,0,0,0
52,55,0,0,0,0
52,56,0,0,0,0
52,57,0,0,0,0
52,58,0,0,0,0
52,59,0,0,0,0
52,60,0,0,0,0
53,0,251,251,251,255
53,1,254,254,254,255
53,2,0,0,0,0
53,3,0,0,0,0
53,4,0,0,0,0
53,5,0,0,0,0
53,6,0,0,0,0
53,7,0,0,0,0
53,8,0,0,0,0
53,9,0,0,0,0
53,10,0,0,0,0
53,11,0,0,0,0
53,12,0,0,0,0
53,13,0,0,0,0
53,14,0,0,0,0
53,15,0,0,0,0
53,16,0,0,0,0
53,17,251,251,251,255
53,18,223,223,223,255
53,19,192,192,192,255
53,20,163,163,163,255
53,21,157,157,157,255
53,22,162,162,162,255
53,23,152,152,152,255
53,24,159,159,159,255
53,25,186,186,186,255
53,26,217,217,217,255
53,27,246,246,246,255
53,28,0,0,0,0
53,29,0,0,0,0
53,30,0,0,0,0
53,31,0,0,0,0
53,32,0,0,0,0
53,33,0,0,0,0
53,34,0,0,0,0
53,35,0,0,0,0
53,36,0,0,0,0
53,37,0,0,0,0
53,38,0,0,0,0
53,39,0,0,0,0
53,40,0,0,0,0
53,41,0,0,0,0
53,42,0,0,0,0
53,43,0,0,0,0
53,44,0,0,0,0
53,45,0,0,0,0
53,46,0,0,0,0
53,47,0,0,0,0
53,48,0,0,0,0
53,49,0,0,0,0
53,50,0,0,0,0
53,51,0,0,0,0
53,52,0,0,0,0
53,53,0,0,0,0
53,54,0,0,0,0
53,55,0,0,0,0
53,56,0,0,0,0
53,57,0,0,0,0
53,58,0,0,0,0
53,59,0,0,0,0
53,60,0,0,0,0
54,0,251,251,251,255
54,1,254,254,254,255
54,2,0,0,0,0
54,3,0,0,0,0
54,4,0,0,0,0
54,5,0,0,0,0
54,6,0,0,0,0
54,7,0,0,0,0
54,8,0,0,0,0
54,9,0,0,0,0
54,10,0,0,0,0
54,11,0,0,0,0
54,12,0,0,0,0
54,13,0,0,0,0
54,14,0,0,0,0
54,15,0,0,0,0
54,16,0,0,0,0
54,17,0,0,0,0
54,18,251,251,251,255
54,19,240,240,240,255
54,20,227,227,227,255
54,21,217,217,217,255
54,22,219,219,219,255
54,23,229,229,229,255
54,24,244,244,244,255
54,25,254,254,254,255
54,26,0,0,0,0
54,27,0,0,0,0
54,28,0,0,0,0
54,29,0,0,0,0
54,30,0,0,0,0
54,31,0,0,0,0
54,32,0,0,0,0
54,33,0,0,0,0
54,34,0,0,0,0
54,35,0,0,0,0
54,36,0,0,0,0
54,37,0,0,0,0
54,38,0,0,0,0
54,39,0,0,0,0
54,40,0,0,0,0
54,41,0,0,0,0
54,42,0,0,0,0
54,43,0,0,0,0
54,44,0,0,0,0
54,45,0,0,0,0
54,46,0,0,0,0
54,47,0,0,0,0
54,48,0,0,0,0
54,49,0,0,0,0
54,50,0,0,0,0
54,51,0,0,0,0
54,52,0,0,0,0
54,53,0,0,0,0
54,54,0,0,0,0
54,55,0,0,0,0
54,56,0,0,0,0
54,57,0,0,0,0
54,58,0,0,0,0
54,59,0,0,0,0
54,60,0,0,0,0
55,0,254,254,254,255
55,1,0,0,0,0
55,2,0,0,0,0
55,3,0,0,0,0
55,4,0,0,0,0
55,5,0,0,0,0
55,6,0,0,0,0
55,7,0,0,0,0
55,8,0,0,0,0
55,9,0,0,0,0
55,10,0,0,0,0
55,11,0,0,0,0
55,12,0,0,0,0
55,13,0,0,0,0
55,14,0,0,0,0
55,15,0,0,0,0
55,16,0,0,0,0
55,17,0,0,0,0
55,18,0,0,0,0
55,19,0,0,0,0
55,20,0,0,0,0
55,21,0,0,0,0
55,22,0,0,0,0
55,23,0,0,0,0
55,24,0,0,0,0
55,25,0,0,0,0
55,26,0,0,0,0
55,27,0,0,0,0
55,28,0,0,0,0
55,29,0,0,0,0
55,30,0,0,0,0
55,31,0,0,0,0
55,32,0,0,0,0
55,33,0,0,0,0
55,34,0,0,0,0
55,35,0,0,0,0
55,36,0,0,0,0
55,37,0,0,0,0
55,38,0,0,0,0
55,39,0,0,0,0
55,40,0,0,0,0
55,41,0,0,0,0
55,42,0,0,0,0
55,43,0,0,0,0
55,44,0,0,0,0
55,45,0,0,0,0
55,46,0,0,0,0
55,47,0,0,0,0
55,48,0,0,0,0
55,49,0,0,0,0
55,50,0,0,0,0
55,51,0,0,0,0
55,52,0,0,0,0
55,53,0,0,0,0
55,54,0,0,0,0
55,55,0,0,0,0
55,56,0,0,0,0
55,57,0,0,0,0
55,58,0,0,0,0
55,59,0,0,0,0
55,60,0,0,0,0
